lat	lon	size
-85.5	-151.1	1
-85.2	-177.4	1
-85.2	-177.3	1
-85.2	-177.1	1
-85.2	-174.1	3
-85.1	-177.4	1
-85.0	-177.2	1
-84.9	-177.1	1
-84.9	-177.0	3
-84.9	-176.9	3
-84.9	-176.1	5
-84.6	-176.8	6
-84.6	-176.7	2
-84.6	-176.0	1
-84.6	175.0	4
-84.5	-176.5	9
-84.5	-176.4	1
-84.5	-175.4	4
-84.5	-175.0	1
-84.5	-174.9	3
-84.3	169.3	1
-83.8	170.8	2
-83.8	172.7	2
-79.8	-83.0	1
-79.8	-82.9	1
-78.2	164.0	1
-78.1	163.6	1
-78.1	163.7	9
-78.1	163.8	15
-78.1	163.9	6
-78.1	164.0	3
-78.1	164.1	6
-78.1	164.2	4
-78.1	164.3	2
-78.1	164.4	1
-78.0	163.7	3
-78.0	163.8	5
-78.0	163.9	7
-78.0	164.0	3
-78.0	164.1	1
-78.0	164.3	3
-77.9	159.1	1
-77.9	160.7	7
-77.9	160.8	2
-77.9	161.6	3
-77.8	160.7	9
-77.7	160.8	1
-77.6	161.0	14
-77.6	161.1	4
-77.6	161.2	1
-77.6	161.8	5
-77.6	163.1	1
-77.6	163.2	7
-77.6	163.5	6
-77.6	165.4	12
-77.6	166.2	9
-77.5	160.6	3
-77.5	160.8	3
-77.5	160.9	19
-77.5	161.6	13
-77.5	161.8	1
-77.5	167.2	1
-77.4	161.9	1
-77.4	162.2	2
-77.4	162.3	2
-77.4	167.2	1
-77.0	160.8	2
-77.0	161.2	1
-77.0	161.4	5
-77.0	161.5	1
-77.0	161.7	5
-77.0	161.8	2
-77.0	162.2	1
-77.0	173.0	2
-76.9	160.9	20
-76.9	161.1	4
-76.8	-33.4	2
-76.6	-170.0	1
-76.6	161.1	1
-76.6	161.2	1
-76.5	161.3	1
-76.5	161.4	1
-76.5	162.1	1
-76.4	161.0	2
-76.4	161.1	1
-76.2	-170.5	1
-76.1	162.0	1
-76.0	-54.2	1
-76.0	160.9	2
-75.9	159.8	1
-75.9	160.0	10
-75.9	162.6	5
-75.8	11.2	1
-75.8	159.9	2
-75.8	161.1	1
-75.7	158.9	6
-75.7	159.2	6
-75.7	160.4	1
-75.7	160.9	8
-75.7	161.3	3
-75.5	-166.3	1
-75.5	159.6	9
-75.2	-176.6	1
-75.1	164.5	5
-74.9	162.2	2
-74.9	162.4	4
-74.9	163.7	8
-74.8	163.7	3
-74.8	166.8	5
-74.7	162.6	1
-74.7	162.7	1
-74.6	162.2	1
-74.6	162.6	1
-74.6	164.1	1
-74.5	162.6	1
-74.4	-168.3	1
-74.4	164.0	4
-74.4	164.7	3
-74.2	162.5	7
-74.2	170.9	6
-74.1	165.3	2
-74.0	164.4	3
-74.0	175.1	2
-73.7	162.6	1
-73.7	163.7	2
-73.5	-127.4	2
-73.4	165.5	2
-73.3	-129.6	1
-73.2	-129.3	1
-73.0	-127.9	1
-73.0	-126.4	1
-73.0	-126.1	2
-72.6	169.3	2
-72.5	-104.4	1
-72.4	169.9	2
-72.3	-104.3	1
-72.3	170.2	5
-72.1	13.4	9
-71.9	-68.2	1
-71.8	162.0	1
-71.7	-143.9	2
-71.7	-143.7	5
-71.7	-143.6	4
-71.7	161.4	4
-71.4	-102.2	1
-71.4	-93.5	1
-71.4	-91.4	1
-71.3	-148.3	2
-71.0	-152.5	2
-70.8	-169.0	2
-70.8	-154.6	2
-70.5	-95.2	1
-70.2	-159.1	8
-70.0	-160.1	2
-70.0	-115.5	4
-70.0	-112.7	2
-70.0	-100.2	1
-69.9	-115.2	8
-69.9	-100.7	3
-69.7	-102.0	1
-69.6	-103.0	1
-69.5	-103.0	1
-69.4	76.4	1
-69.2	-78.8	2
-69.0	-103.0	3
-68.9	78.1	3
-68.8	-90.7	2
-68.7	-100.0	4
-68.5	-103.0	1
-68.5	-44.1	2
-68.5	78.2	2
-68.5	78.5	1
-68.0	-120.0	8
-68.0	-103.0	1
-67.9	-67.7	1
-67.8	-89.3	2
-67.7	-75.0	1
-67.6	-68.2	3
-67.5	-103.0	1
-67.4	-179.9	2
-67.3	163.5	3
-67.2	145.7	13
-67.1	144.9	6
-67.1	167.3	8
-67.1	167.4	1
-67.0	-110.0	8
-67.0	-103.0	1
-67.0	146.0	5
-66.9	-69.1	2
-66.9	146.1	5
-66.9	146.2	2
-66.8	146.2	4
-66.6	70.6	2
-66.5	-103.0	6
-66.5	111.0	3
-66.4	110.6	3
-66.3	100.6	7
-66.3	100.7	1
-66.3	140.4	3
-66.1	-31.8	3
-66.0	-103.0	1
-66.0	159.0	6
-65.0	-103.0	1
-64.8	-64.1	20
-64.8	-64.0	14
-64.6	-62.6	2
-64.5	-103.0	1
-64.5	-44.9	5
-64.4	-53.1	2
-64.4	-53.0	2
-64.4	125.2	2
-64.3	-56.7	4
-64.3	-56.6	8
-64.3	-53.1	4
-64.3	-53.0	2
-64.0	-103.0	7
-64.0	-66.3	5
-64.0	-66.2	1
-64.0	-0.0	1
-63.9	-56.1	5
-63.8	-57.3	2
-63.6	-60.9	29
-63.5	-51.3	2
-63.4	-56.8	4
-63.4	-53.6	4
-63.4	-53.5	4
-63.0	-103.0	1
-63.0	-60.7	14
-63.0	-60.6	60
-63.0	-60.3	1
-62.9	-61.1	2
-62.9	-60.6	1
-62.7	-61.2	23
-62.7	-60.9	27
-62.7	-60.6	1
-62.7	-60.4	23
-62.7	-57.7	1
-62.6	-61.0	9
-62.6	-60.6	18
-62.6	-59.8	4
-62.6	-58.6	1
-62.5	-103.0	2
-62.5	-68.0	5
-62.5	-60.7	5
-62.5	-59.7	16
-62.3	-58.7	16
-62.2	-59.0	10
-62.2	-58.9	7
-62.2	-58.8	10
-62.2	-58.7	14
-62.2	-58.6	2
-62.2	-57.3	2
-62.2	-49.2	4
-62.1	-58.5	1
-62.1	-49.3	1
-62.0	-103.0	1
-62.0	-58.9	2
-62.0	-58.4	1
-62.0	-58.0	1
-62.0	-57.7	11
-62.0	-49.5	6
-61.7	-55.2	1
-61.2	-57.1	1
-61.0	-103.0	1
-60.5	-103.0	4
-60.5	-55.5	1
-60.4	0.5	1
-60.3	-60.6	1
-60.2	-60.6	5
-60.0	-103.0	1
-60.0	0.1	2
-60.0	73.6	2
-59.6	-67.9	4
-59.6	148.6	1
-59.6	148.7	7
-59.5	-21.0	4
-59.4	0.5	3
-59.0	-103.0	1
-59.0	-0.0	2
-58.7	-14.0	5
-58.5	-103.0	2
-58.4	0.6	6
-58.2	-60.3	9
-58.1	0.6	1
-58.0	-176.6	2
-58.0	-103.0	1
-58.0	-59.9	1
-57.9	-0.0	1
-57.8	0.6	1
-57.7	-67.1	2
-57.7	81.9	2
-57.5	-7.0	3
-57.3	-0.0	2
-57.1	-0.1	2
-57.0	-103.0	1
-57.0	-28.0	3
-57.0	-27.9	6
-56.5	-103.0	4
-56.5	-68.7	2
-56.5	0.1	1
-56.2	-62.6	1
-56.0	-103.0	1
-56.0	-0.0	3
-55.3	-0.4	2
-55.0	-103.0	1
-54.9	-54.9	3
-54.8	95.7	4
-54.7	-67.9	4
-54.7	1.0	6
-54.5	-103.0	4
-54.4	-65.1	3
-54.4	3.4	2
-54.3	-36.5	2
-54.0	-103.0	1
-54.0	-0.0	2
-53.6	149.3	7
-53.2	118.1	1
-53.2	118.2	2
-53.1	81.7	5
-53.0	-103.0	1
-52.9	49.4	2
-52.6	67.2	1
-52.5	-103.0	6
-52.4	49.4	6
-52.0	-103.0	1
-52.0	-72.9	2
-51.8	-72.8	4
-51.8	-59.5	2
-51.5	-103.0	1
-51.4	-0.0	5
-51.1	-73.3	1
-51.1	-66.5	1
-51.0	-103.0	4
-51.0	7.0	4
-51.0	72.0	7
-50.8	72.3	5
-50.7	68.1	1
-50.7	68.5	1
-50.6	72.0	1
-50.6	72.1	12
-50.5	-103.0	1
-50.3	0.1	1
-50.1	-0.1	2
-49.5	-52.7	2
-49.4	70.0	1
-49.3	70.1	1
-49.0	-103.0	1
-49.0	-53.1	6
-49.0	9.0	14
-48.9	-48.8	3
-48.2	-52.7	1
-48.0	-103.0	1
-47.9	-61.9	1
-47.6	-51.8	1
-47.3	-9.6	2
-47.2	-58.3	5
-47.2	-58.2	1
-47.2	-58.0	1
-47.2	-57.9	3
-47.0	-103.0	1
-47.0	-0.0	1
-47.0	4.5	7
-47.0	56.4	2
-46.9	-47.2	3
-46.9	37.8	2
-46.9	38.1	6
-46.9	141.9	1
-46.9	142.0	1
-46.8	141.6	2
-46.8	141.8	1
-46.8	142.1	1
-46.8	142.4	2
-46.5	-103.0	10
-46.5	-58.3	1
-46.5	36.6	1
-46.5	167.4	7
-46.5	168.4	1
-46.4	51.8	1
-46.4	150.4	9
-46.2	51.0	5
-46.1	51.9	1
-46.0	-103.0	1
-46.0	-49.9	1
-45.9	170.5	2
-45.8	170.9	6
-45.8	171.0	11
-45.8	171.1	12
-45.8	171.2	4
-45.8	171.3	5
-45.8	171.4	3
-45.8	171.5	40
-45.3	-48.9	1
-45.2	169.4	1
-45.0	6.6	7
-44.9	-51.8	6
-44.9	-45.0	1
-44.9	36.2	6
-44.8	36.2	2
-44.8	168.0	4
-44.7	-45.5	3
-44.6	-52.3	1
-44.6	-52.2	3
-44.6	168.0	7
-44.5	-103.0	7
-44.5	-52.5	1
-44.5	-52.3	1
-44.5	168.6	7
-44.5	168.7	6
-44.4	0.3	2
-44.4	171.1	1
-44.1	-73.1	1
-44.1	169.4	8
-44.0	-103.0	1
-44.0	14.1	11
-43.8	-47.0	1
-43.8	170.1	10
-43.8	172.2	1
-43.7	170.1	4
-43.7	171.1	3
-43.6	171.1	5
-43.6	172.5	50
-43.6	172.7	1
-43.5	171.2	3
-43.5	172.6	2
-43.5	172.7	4
-43.3	172.2	1
-43.1	146.7	1
-43.0	-103.0	1
-43.0	-46.0	1
-43.0	8.5	4
-43.0	171.4	2
-42.9	171.5	13
-42.8	147.4	2
-42.8	147.5	1
-42.7	146.6	2
-42.7	146.7	1
-42.6	146.8	6
-42.6	147.2	9
-42.6	147.4	2
-42.5	-103.0	2
-42.5	-72.4	33
-42.5	146.8	6
-42.5	147.5	1
-42.4	-72.5	11
-42.4	-72.4	22
-42.4	-44.0	3
-42.4	4.2	2
-42.4	146.7	3
-42.4	147.0	7
-42.4	147.1	6
-42.4	147.3	2
-42.4	147.4	1
-42.3	-72.5	29
-42.3	-72.4	31
-42.3	-72.3	3
-42.3	146.9	9
-42.3	147.4	2
-42.3	147.5	6
-42.3	147.6	4
-42.3	171.6	7
-42.2	-72.5	31
-42.2	-72.3	4
-42.2	146.6	1
-42.2	147.5	1
-42.2	148.3	3
-42.1	-72.7	1
-42.1	-72.6	2
-42.1	-72.3	2
-42.1	148.3	4
-42.0	-103.0	2
-42.0	146.3	2
-42.0	147.5	3
-41.9	-35.4	1
-41.8	147.2	6
-41.8	147.3	3
-41.8	174.1	1
-41.7	145.1	1
-41.7	174.0	1
-41.6	145.1	1
-41.6	145.9	1
-41.6	174.1	1
-41.5	3.0	1
-41.5	145.9	2
-41.5	173.8	1
-41.5	173.9	9
-41.5	174.0	1
-41.4	-44.0	1
-41.4	173.0	15
-41.4	173.1	1
-41.4	173.8	1
-41.3	-73.0	27
-41.3	-71.3	1
-41.3	173.2	2
-41.3	173.6	1
-41.2	7.0	2
-41.2	148.0	2
-41.2	173.3	1
-41.2	173.9	2
-41.1	173.0	2
-41.1	173.9	2
-41.0	-103.0	1
-41.0	3.0	1
-41.0	175.6	1
-40.9	144.9	1
-40.9	172.8	1
-40.8	-72.2	1
-40.8	3.6	1
-40.8	172.8	1
-40.7	-72.2	2
-40.7	-52.2	2
-40.7	174.0	1
-40.6	-52.2	1
-40.6	-52.1	1
-40.6	-51.9	3
-40.6	142.5	20
-40.5	-103.0	2
-40.5	-43.1	1
-40.5	142.5	4
-40.5	176.5	1
-40.4	-31.0	1
-40.4	175.6	185
-40.2	4.9	1
-40.1	5.5	6
-40.1	143.7	1
-40.1	175.4	1
-40.0	-103.0	1
-40.0	-55.0	3
-40.0	-42.4	3
-40.0	0.9	6
-40.0	2.4	1
-40.0	176.6	1
-39.9	-72.1	4
-39.9	143.9	4
-39.9	144.1	5
-39.8	-50.6	1
-39.8	36.4	6
-39.8	174.5	1
-39.8	176.8	1
-39.8	176.9	1
-39.7	143.9	1
-39.7	144.0	2
-39.7	176.9	1
-39.7	177.0	1
-39.6	-77.0	3
-39.6	-49.0	8
-39.6	144.0	1
-39.6	176.7	1
-39.6	176.9	1
-39.5	-53.9	3
-39.5	174.1	1
-39.5	174.2	1
-39.4	2.4	1
-39.3	-139.8	2
-39.3	7.2	1
-39.3	7.7	6
-39.3	146.6	3
-39.3	176.7	1
-39.2	-43.4	3
-39.2	-41.5	1
-39.2	146.3	1
-39.1	7.6	1
-39.0	177.2	1
-39.0	177.8	1
-39.0	179.1	14
-39.0	179.2	2
-38.9	8.0	1
-38.8	-71.7	3
-38.8	-71.6	3
-38.8	2.2	1
-38.7	176.5	1
-38.7	178.0	1
-38.7	178.6	20
-38.6	-71.8	3
-38.6	-40.7	1
-38.6	11.8	3
-38.6	175.8	1
-38.6	176.1	1
-38.6	176.2	5
-38.6	176.3	3
-38.6	177.9	1
-38.6	178.0	1
-38.5	-103.0	3
-38.5	2.1	1
-38.5	175.6	1
-38.5	176.0	1
-38.5	176.1	1
-38.5	176.3	2
-38.5	176.5	1
-38.4	-71.5	1
-38.4	-52.9	6
-38.4	9.2	1
-38.4	10.1	6
-38.4	176.4	1
-38.4	176.8	1
-38.3	-52.6	6
-38.3	143.4	38
-38.3	144.6	11
-38.3	174.9	2
-38.3	175.2	1
-38.3	176.0	8
-38.3	176.3	35
-38.2	-11.1	1
-38.2	148.4	1
-38.2	175.2	1
-38.2	176.0	3
-38.1	2.0	2
-38.1	10.6	2
-38.1	175.3	1
-38.1	176.3	1
-38.1	177.0	1
-38.0	-103.0	1
-38.0	-45.0	6
-38.0	144.6	7
-38.0	175.3	1
-38.0	175.7	1
-38.0	176.2	1
-38.0	176.8	1
-38.0	177.5	1
-37.9	49.3	1
-37.9	144.6	1
-37.9	145.0	9
-37.9	145.1	19
-37.9	145.3	4
-37.9	175.3	1
-37.9	175.6	2
-37.8	-73.0	3
-37.8	-41.1	5
-37.8	10.3	1
-37.8	49.6	12
-37.8	49.7	1
-37.8	50.6	1
-37.8	144.9	28
-37.8	145.0	504
-37.8	175.1	1
-37.8	175.3	1
-37.7	50.5	1
-37.6	1.6	2
-37.6	50.6	2
-37.6	50.8	1
-37.6	175.7	1
-37.5	175.2	56
-37.5	175.6	1
-37.4	144.5	4
-37.3	-12.7	1
-37.3	1.4	2
-37.3	144.1	1
-37.2	-48.1	2
-37.2	174.8	1
-37.2	174.9	6
-37.1	-29.0	1
-37.1	174.6	2
-37.1	174.8	1
-37.1	175.0	2
-37.0	-103.0	1
-37.0	-38.8	1
-37.0	1.0	1
-37.0	49.6	9
-37.0	174.5	1
-37.0	174.9	1
-37.0	175.0	1
-36.9	-71.5	3
-36.9	174.8	86
-36.9	175.0	1
-36.8	-73.1	1
-36.8	174.6	1
-36.8	174.8	184
-36.8	175.1	1
-36.7	142.3	9
-36.7	145.0	2
-36.7	145.6	2
-36.7	174.6	2
-36.6	174.3	1
-36.5	-103.0	2
-36.5	-73.0	2
-36.5	-72.9	3
-36.5	12.4	1
-36.5	13.3	6
-36.5	145.5	12
-36.5	174.6	3
-36.5	174.7	1
-36.4	-179.3	1
-36.4	-10.1	1
-36.4	13.2	6
-36.4	174.7	1
-36.4	175.8	2
-36.3	1.0	2
-36.3	13.3	1
-36.3	174.5	1
-36.3	174.6	1
-36.2	-37.9	1
-36.2	12.8	1
-36.2	175.1	2
-36.2	175.3	9
-36.2	175.5	12
-36.1	144.7	3
-36.1	149.2	2
-36.1	174.5	1
-36.0	-103.0	1
-36.0	1.0	1
-36.0	145.0	8
-36.0	149.1	7
-36.0	149.2	1
-36.0	174.2	1
-35.9	-70.6	2
-35.9	149.0	28
-35.8	13.7	1
-35.8	144.9	3
-35.8	145.0	5
-35.8	145.1	6
-35.8	145.2	6
-35.8	145.6	8
-35.6	-6.4	2
-35.6	14.0	1
-35.6	138.3	1
-35.6	144.1	5
-35.6	145.0	5
-35.6	148.8	1
-35.6	148.9	5
-35.6	149.0	1
-35.5	1.0	1
-35.5	145.3	11
-35.5	148.8	3
-35.5	149.5	1
-35.5	149.6	2
-35.4	14.9	6
-35.4	148.8	30
-35.4	149.5	1
-35.4	149.6	21
-35.4	150.5	6
-35.4	173.9	2
-35.3	-179.0	1
-35.3	14.9	1
-35.3	138.7	1
-35.3	139.0	4
-35.3	143.6	5
-35.3	148.8	1
-35.3	149.1	26
-35.2	-71.4	1
-35.2	1.0	2
-35.2	26.3	13
-35.2	34.5	6
-35.2	149.0	5
-35.2	150.6	8
-35.2	150.7	4
-35.2	150.8	1
-35.1	-71.3	1
-35.1	139.3	12
-35.1	142.0	24
-35.1	150.7	6
-35.1	150.8	3
-35.0	-39.4	3
-35.0	54.2	1
-35.0	138.4	5
-35.0	138.6	2
-35.0	147.4	80
-34.9	-56.2	1
-34.9	16.1	6
-34.9	17.9	4
-34.9	18.0	29
-34.9	54.2	1
-34.9	138.5	20
-34.9	138.6	559
-34.9	138.7	2
-34.9	149.8	6
-34.8	-70.7	3
-34.8	-58.2	8
-34.8	-28.3	1
-34.8	54.6	2
-34.8	138.6	3
-34.8	150.8	8
-34.7	-54.2	47
-34.7	138.9	1
-34.7	143.1	5
-34.7	148.6	6
-34.7	149.1	6
-34.6	-58.7	1
-34.6	-58.5	67
-34.6	-58.3	4
-34.6	-36.1	1
-34.6	17.1	6
-34.6	138.9	1
-34.6	139.0	1
-34.5	-103.0	1
-34.5	-72.0	1
-34.5	-58.6	63
-34.5	-56.3	2
-34.5	138.4	8
-34.5	148.6	6
-34.5	150.0	21
-34.5	150.6	9
-34.4	-55.3	1
-34.4	-55.2	3
-34.4	17.1	1
-34.4	101.9	3
-34.4	119.3	1
-34.4	142.3	6
-34.4	148.7	6
-34.4	148.8	6
-34.4	150.9	9
-34.3	-70.7	1
-34.3	118.7	4
-34.3	119.4	1
-34.3	138.3	4
-34.3	146.0	1
-34.2	-73.1	3
-34.2	-43.0	1
-34.2	118.7	3
-34.2	119.3	1
-34.2	119.4	1
-34.2	119.6	2
-34.2	138.3	4
-34.1	-178.1	1
-34.1	-73.1	6
-34.1	-72.2	1
-34.1	-59.1	4
-34.1	118.8	3
-34.1	118.9	31
-34.1	119.4	1
-34.1	123.2	4
-34.1	139.8	1
-34.1	140.4	1
-34.1	140.7	2
-34.1	150.7	3150
-34.1	151.2	29
-34.0	-102.7	1
-34.0	-73.1	1
-34.0	-56.7	2
-34.0	18.4	4
-34.0	18.5	420
-34.0	23.5	1
-34.0	25.6	2
-34.0	140.6	1
-34.0	140.7	7
-34.0	140.8	2
-34.0	151.0	52
-34.0	151.2	3
-34.0	151.3	2
-33.9	-73.1	3
-33.9	1.0	2
-33.9	18.9	1
-33.9	37.0	35
-33.9	119.2	1
-33.9	119.9	1
-33.9	120.0	2
-33.9	138.6	1
-33.9	150.6	3
-33.9	151.2	609
-33.8	-70.9	30
-33.8	-70.8	2
-33.8	-70.7	2
-33.8	-35.3	1
-33.8	18.7	1
-33.8	119.4	2
-33.8	150.9	56
-33.8	151.0	12
-33.8	151.2	15
-33.7	-72.0	6
-33.7	-71.2	14
-33.7	-71.1	26
-33.7	-71.0	28
-33.7	-70.7	31
-33.7	-70.5	10
-33.7	-57.5	2
-33.7	119.7	1
-33.7	119.8	1
-33.7	150.3	6
-33.6	-70.6	7
-33.6	-70.4	16
-33.6	-27.9	1
-33.6	101.4	3
-33.6	150.0	13
-33.6	150.7	40
-33.5	-70.8	6
-33.5	-70.6	15
-33.5	-57.0	2
-33.4	-70.7	4
-33.4	-70.6	2
-33.4	-70.5	1
-33.4	101.4	3
-33.4	151.3	9
-33.3	15.4	17
-33.2	-54.4	16
-33.2	15.3	29
-33.2	117.0	1
-33.1	151.5	10
-33.0	-103.0	1
-33.0	-71.9	1
-33.0	-71.6	1
-33.0	-71.4	2
-33.0	-71.3	1
-33.0	-71.0	2
-33.0	1.0	2
-33.0	27.9	4
-33.0	151.6	5
-32.9	-71.5	2
-32.9	151.8	176
-32.8	-87.1	4
-32.8	97.3	3
-32.8	116.4	2
-32.8	138.0	1
-32.7	-87.1	1
-32.7	18.1	13
-32.7	97.5	1
-32.7	138.1	1
-32.6	-70.7	3
-32.6	97.7	11
-32.6	116.5	3
-32.5	-179.3	6
-32.5	-176.0	6
-32.5	-172.0	5
-32.5	-171.0	5
-32.5	-170.0	14
-32.5	-169.0	5
-32.5	-168.0	5
-32.5	-167.0	5
-32.5	-166.0	5
-32.5	-165.0	8
-32.5	-164.0	5
-32.5	-163.0	5
-32.5	-162.0	5
-32.5	-161.0	5
-32.5	-160.0	5
-32.5	-159.0	5
-32.5	-158.0	8
-32.5	-157.0	5
-32.5	-156.0	5
-32.5	-155.0	5
-32.5	-154.0	8
-32.5	-153.0	4
-32.5	-152.0	5
-32.5	-151.0	4
-32.5	-103.0	2
-32.5	-100.0	1
-32.5	-91.0	1
-32.5	-88.0	1
-32.5	-79.0	1
-32.5	-72.8	1
-32.5	56.8	1
-32.5	96.5	1
-32.5	118.3	1
-32.5	142.2	1
-32.4	-59.9	3
-32.4	-33.7	1
-32.4	1.0	1
-32.4	116.0	1
-32.4	118.0	2
-32.3	-178.3	8
-32.3	95.3	5
-32.3	115.7	2
-32.3	117.9	1
-32.3	138.0	2
-32.2	-177.4	10
-32.2	-176.6	6
-32.2	-176.5	3
-32.2	17.7	7
-32.2	115.7	6
-32.2	115.8	6
-32.2	118.7	2
-32.1	-37.5	2
-32.1	17.7	1
-32.1	115.7	3
-32.0	-103.0	1
-32.0	1.0	2
-32.0	115.8	40
-32.0	116.0	1
-32.0	151.0	1
-31.9	-177.3	3
-31.9	127.0	2
-31.8	116.4	1
-31.7	116.5	1
-31.6	-32.9	1
-31.6	159.1	1
-31.6	178.0	5
-31.5	138.6	1
-31.5	151.1	3
-31.4	-177.1	1
-31.4	-141.0	1
-31.4	-134.0	1
-31.4	-125.0	1
-31.4	-114.0	1
-31.4	-110.0	1
-31.4	-102.0	1
-31.4	-94.0	3
-31.4	-93.9	1
-31.4	-57.7	2
-31.4	131.0	2
-31.3	119.6	2
-31.3	119.7	1
-31.3	138.6	1
-31.3	151.1	3
-31.2	-27.2	1
-31.2	136.7	2
-31.1	-176.8	2
-31.1	-176.0	1
-31.1	-0.4	1
-31.1	150.9	3
-31.1	151.0	6
-31.1	151.1	3
-31.0	-103.0	1
-31.0	4.7	20
-31.0	110.5	2
-31.0	116.6	1
-31.0	150.9	7
-30.9	-62.0	4
-30.9	150.5	2
-30.8	109.4	1
-30.8	138.8	1
-30.7	108.5	1
-30.6	22.9	22
-30.5	-103.0	9
-30.5	-1.4	1
-30.5	26.1	6
-30.5	107.7	1
-30.5	120.8	171
-30.5	137.0	3
-30.4	-176.5	6
-30.4	106.6	1
-30.4	116.6	2
-30.4	121.1	2
-30.4	142.7	1
-30.3	38.1	3
-30.2	-178.4	1
-30.2	-43.3	3
-30.2	105.7	1
-30.2	115.2	2
-30.2	116.7	1
-30.2	120.6	2
-30.2	120.7	3
-30.2	149.6	54
-30.1	-51.1	1
-30.1	-43.3	18
-30.1	30.9	3
-30.1	49.6	3
-30.1	115.3	1
-30.1	153.1	6
-30.0	-176.5	1
-30.0	-51.2	5
-30.0	-31.1	1
-30.0	-26.8	1
-30.0	-2.1	1
-30.0	40.0	1
-30.0	41.6	1
-30.0	42.6	1
-30.0	43.7	1
-30.0	44.6	1
-30.0	45.5	1
-30.0	46.4	1
-30.0	47.4	1
-30.0	48.3	1
-30.0	49.2	1
-30.0	50.0	1
-30.0	51.2	1
-30.0	51.8	1
-30.0	54.5	1
-30.0	104.8	1
-30.0	115.0	3
-30.0	153.5	2
-30.0	154.0	5
-30.0	156.0	5
-30.0	159.0	5
-30.0	163.0	5
-30.0	167.0	5
-30.0	170.9	5
-30.0	174.0	5
-30.0	175.9	5
-29.9	-176.4	9
-29.9	31.0	155
-29.9	54.5	1
-29.9	103.8	1
-29.9	144.1	2
-29.8	-51.3	4
-29.8	82.6	1
-29.7	-101.2	7
-29.7	-53.8	1
-29.7	103.0	1
-29.6	-101.3	1
-29.6	-2.7	1
-29.6	96.4	38
-29.5	37.9	5
-29.5	38.0	9
-29.5	54.5	1
-29.5	54.6	1
-29.5	101.8	1
-29.5	115.6	1
-29.4	-175.9	1
-29.4	-3.1	2
-29.3	-177.9	3
-29.3	100.8	1
-29.3	117.7	1
-29.2	99.9	1
-29.1	-103.0	1
-29.1	-35.8	3
-29.1	-30.2	1
-29.1	141.9	1
-29.0	54.5	2
-29.0	98.8	1
-29.0	134.7	2
-29.0	141.4	1
-28.9	-60.0	1
-28.9	98.1	1
-28.7	97.2	1
-28.6	-48.8	5
-28.6	40.0	2
-28.5	54.5	1
-28.5	96.3	1
-28.5	115.6	1
-28.4	-175.6	4
-28.4	23.4	1
-28.3	54.5	2
-28.3	95.0	2
-28.2	-107.6	2
-28.2	-107.4	3
-28.2	-49.6	34
-28.2	17.1	2
-28.2	26.8	5
-28.2	117.7	1
-28.2	153.1	1
-28.1	-5.0	1
-28.1	16.9	1
-28.1	117.8	1
-28.1	120.5	5
-28.0	26.9	2
-28.0	54.5	2
-28.0	63.5	1
-28.0	153.4	23
-27.9	63.9	2
-27.9	151.3	24
-27.8	-40.7	1
-27.8	-5.6	1
-27.8	64.6	8
-27.7	-117.6	57
-27.7	-48.5	7
-27.7	-26.1	1
-27.7	54.5	1
-27.7	95.0	1
-27.7	153.2	3
-27.7	153.3	2
-27.6	152.3	20
-27.6	153.1	2
-27.5	-58.8	1
-27.5	-6.0	1
-27.5	26.5	1
-27.5	152.3	1
-27.5	153.0	1173
-27.4	-58.7	1
-27.4	-28.4	1
-27.4	54.5	1
-27.4	152.9	4
-27.4	153.1	28
-27.4	153.5	1
-27.3	22.4	1
-27.3	26.7	12
-27.3	54.5	1
-27.3	95.0	1
-27.3	152.9	9
-27.3	153.1	161
-27.3	153.2	1
-27.2	22.4	2
-27.2	29.7	1
-27.1	-138.8	23
-27.1	-66.8	1
-27.1	95.0	1
-27.0	-101.5	1
-27.0	-68.6	10
-27.0	-6.7	1
-27.0	54.5	1
-26.9	151.6	2
-26.8	-25.8	1
-26.8	-7.1	1
-26.8	54.5	1
-26.7	-27.7	1
-26.7	27.1	13
-26.7	54.5	2
-26.7	153.2	1
-26.6	27.3	12
-26.6	153.0	1
-26.6	153.1	3
-26.6	154.0	1
-26.5	-101.5	4
-26.5	-7.4	1
-26.5	95.0	2
-26.4	27.4	3
-26.4	27.8	1
-26.4	28.4	24
-26.4	30.3	1
-26.4	149.1	1
-26.4	153.0	1
-26.4	153.1	1
-26.3	-70.5	2
-26.3	27.0	2
-26.3	54.5	1
-26.3	153.0	3
-26.2	-175.4	1
-26.2	-168.0	1
-26.2	-156.0	1
-26.2	-152.0	1
-26.2	-70.3	2
-26.2	20.7	1
-26.2	26.2	9
-26.2	27.6	6
-26.2	27.8	277
-26.2	28.0	1
-26.2	28.4	25
-26.2	113.9	8
-26.2	114.0	4
-26.2	153.0	1
-26.1	-34.3	4
-26.1	54.5	1
-26.1	113.6	2
-26.1	113.9	4
-26.0	-101.5	1
-26.0	-67.0	9
-26.0	20.4	1
-26.0	26.5	6
-26.0	27.4	15
-26.0	28.0	1
-26.0	54.5	1
-26.0	95.0	1
-25.9	-67.0	4
-25.9	-27.6	34
-25.9	20.4	1
-25.9	25.6	2
-25.9	25.7	2
-25.9	28.2	1
-25.9	31.9	16
-25.9	32.6	174
-25.9	95.0	1
-25.8	-111.7	13
-25.8	-66.9	2
-25.8	-27.6	9
-25.8	25.6	32
-25.8	28.2	1
-25.7	-178.7	1
-25.7	-67.8	2
-25.7	28.2	54
-25.7	54.5	1
-25.7	133.2	2
-25.7	172.0	1
-25.7	175.5	1
-25.6	-67.7	1
-25.6	26.1	3
-25.6	26.3	4
-25.6	28.3	24
-25.6	54.5	1
-25.6	95.0	1
-25.5	-67.6	1
-25.5	25.4	28
-25.5	28.5	1
-25.5	31.0	1
-25.4	-64.6	1
-25.4	26.0	2
-25.4	26.1	3
-25.4	27.5	1
-25.4	28.1	25
-25.4	32.8	54
-25.4	131.0	28
-25.4	131.1	13
-25.3	-57.6	3
-25.3	-57.5	1
-25.3	27.5	1
-25.3	27.7	2
-25.3	30.5	1
-25.3	54.5	1
-25.3	70.0	5
-25.3	95.0	1
-25.3	130.8	2
-25.3	130.9	1
-25.3	131.0	2
-25.3	131.1	2
-25.3	133.8	17
-25.2	-50.1	3
-25.2	32.5	8
-25.2	113.8	1
-25.1	-50.0	6
-25.1	-9.6	1
-25.0	-101.5	1
-25.0	-48.0	1
-25.0	-9.7	1
-25.0	14.2	6
-25.0	14.4	2
-25.0	16.0	12
-25.0	54.5	1
-25.0	95.0	1
-25.0	152.4	11
-24.9	-38.7	2
-24.9	-25.9	1
-24.9	54.5	1
-24.9	147.5	1
-24.8	27.3	2
-24.8	28.0	1
-24.8	31.3	651
-24.8	46.8	1
-24.8	147.8	3
-24.7	-25.2	1
-24.7	-10.1	1
-24.7	25.9	179
-24.7	54.5	1
-24.7	95.0	2
-24.6	-10.2	1
-24.6	26.0	4
-24.5	-68.2	5
-24.5	-65.2	35
-24.5	-53.8	1
-24.5	27.2	3
-24.5	27.3	1
-24.5	95.0	1
-24.4	-66.6	2
-24.4	-64.6	1
-24.4	-10.4	1
-24.3	-71.4	17
-24.3	-66.5	2
-24.3	-36.2	9
-24.3	54.5	1
-24.2	-66.7	2
-24.2	-66.6	1
-24.2	-66.4	2
-24.2	-10.6	1
-24.1	-70.0	5
-24.1	-69.9	3
-24.1	-68.2	3
-24.1	-10.7	1
-24.1	54.5	1
-24.1	95.0	1
-24.0	-103.0	1
-24.0	-71.5	4
-24.0	-68.2	1
-24.0	-25.0	1
-24.0	30.2	4
-24.0	30.3	1
-24.0	54.5	1
-24.0	133.7	4
-23.9	-103.0	1
-23.9	-68.1	6
-23.9	-10.9	1
-23.9	29.7	3
-23.9	30.3	1
-23.9	69.6	8
-23.9	95.0	1
-23.9	133.8	1
-23.8	-71.4	18
-23.8	-70.8	17
-23.8	133.8	1
-23.8	133.9	1
-23.8	151.3	27
-23.7	-70.4	1
-23.7	-68.2	3
-23.7	-46.6	1
-23.7	-24.9	1
-23.7	-11.2	1
-23.7	29.8	203
-23.7	54.5	2
-23.6	-71.5	2
-23.6	-70.4	1
-23.6	-46.7	941
-23.6	-46.6	1
-23.6	-46.0	2
-23.6	95.0	1
-23.5	-110.0	57
-23.5	-103.0	1
-23.5	-100.0	57
-23.5	-71.6	14
-23.5	-68.2	9
-23.5	-46.7	2
-23.5	-46.3	2
-23.5	-46.1	2
-23.5	15.1	6
-23.4	-178.2	24
-23.4	-71.5	7
-23.4	-71.3	20
-23.4	-69.6	4
-23.4	-11.6	2
-23.4	151.9	2
-23.3	-178.2	4
-23.3	-129.4	4
-23.3	-48.0	12
-23.3	15.0	1
-23.3	54.5	2
-23.3	95.0	1
-23.3	132.6	2
-23.2	-135.0	10
-23.2	-134.9	4
-23.2	-134.8	2
-23.2	-129.6	3
-23.2	-129.5	3
-23.2	15.4	6
-23.2	15.6	3
-23.1	-135.1	3
-23.1	-135.0	2
-23.1	-134.9	3
-23.1	-71.3	33
-23.1	-68.2	3
-23.1	-68.0	3
-23.1	-67.7	1
-23.1	-67.4	1
-23.1	-47.7	5
-23.1	15.2	6
-23.1	15.3	3
-23.1	16.1	3
-23.1	49.3	1
-23.0	-134.9	6
-23.0	-103.0	1
-23.0	-71.6	27
-23.0	-43.2	1
-23.0	14.2	1
-23.0	14.3	1
-23.0	54.5	1
-23.0	95.0	1
-22.9	-68.2	2
-22.9	-47.1	3
-22.9	-43.9	2
-22.9	-43.2	2
-22.9	-14.9	2
-22.9	54.5	1
-22.9	132.6	1
-22.8	-67.8	1
-22.8	-47.1	13
-22.7	-47.0	30
-22.7	-46.9	5
-22.7	-43.3	29
-22.7	95.0	1
-22.6	-47.5	1
-22.6	45.4	1
-22.6	118.1	2
-22.6	166.5	2
-22.5	-176.7	2
-22.5	-48.5	3
-22.5	-43.7	1
-22.5	-32.7	3
-22.5	14.6	4
-22.5	27.1	1
-22.5	54.5	1
-22.5	95.0	1
-22.5	166.4	2
-22.4	-68.2	1
-22.4	-68.0	1
-22.4	-67.4	1
-22.4	-67.2	1
-22.4	-59.8	1
-22.4	-43.7	2
-22.4	-43.4	13
-22.4	-43.3	4
-22.4	-42.9	1
-22.4	113.8	12
-22.4	114.8	12
-22.4	147.4	11
-22.3	-69.7	3
-22.3	-68.2	1
-22.3	-68.0	1
-22.3	-47.5	29
-22.3	-43.7	2
-22.3	-43.6	5
-22.3	-43.5	4
-22.3	-43.4	10
-22.3	-43.3	2
-22.3	-42.9	5
-22.3	-42.8	11
-22.3	-42.7	5
-22.3	40.0	1
-22.3	40.3	2
-22.3	133.2	1
-22.3	133.6	1
-22.3	166.5	4
-22.2	-176.6	22
-22.2	-68.0	14
-22.2	-67.8	1
-22.2	-47.7	30
-22.2	-43.0	6
-22.2	-42.9	4
-22.2	-42.8	3
-22.2	-42.7	5
-22.2	-42.6	1
-22.2	95.0	1
-22.1	-68.1	2
-22.1	-42.9	5
-22.1	-42.8	1
-22.0	-176.6	258
-22.0	-103.0	1
-22.0	-71.3	2
-22.0	-48.0	1
-22.0	-47.9	108
-22.0	-47.8	1
-22.0	54.5	2
-21.9	-47.9	1
-21.9	95.0	1
-21.8	-71.3	2
-21.8	-71.2	19
-21.7	-68.2	1
-21.7	-47.6	12
-21.6	-114.3	1
-21.6	-68.3	1
-21.6	-25.0	1
-21.6	-13.5	1
-21.6	95.0	1
-21.5	-174.9	5
-21.5	-48.5	1
-21.5	54.3	7
-21.5	54.4	3
-21.5	56.8	3
-21.5	56.9	1
-21.4	-176.3	2
-21.4	-24.8	1
-21.4	-13.6	1
-21.3	-174.9	1
-21.3	-49.8	3
-21.3	-48.1	1
-21.3	-47.5	2
-21.3	95.0	1
-21.3	150.8	2
-21.2	-104.8	1
-21.2	-48.2	6
-21.2	-48.0	1
-21.2	-47.9	15
-21.2	-35.4	1
-21.2	-13.9	1
-21.2	54.4	1
-21.1	-104.8	3
-21.1	-49.1	2
-21.1	-48.2	1
-21.1	-48.0	1
-21.1	-47.8	5
-21.1	-35.4	1
-21.1	-14.0	1
-21.1	55.5	1
-21.1	116.8	2
-21.0	-103.0	1
-21.0	-70.0	19
-21.0	-68.5	1
-21.0	-35.3	7
-21.0	-14.1	1
-21.0	54.5	1
-20.9	-70.1	1
-20.9	-70.0	1
-20.9	-35.2	11
-20.8	-176.2	210
-20.8	-42.6	20
-20.8	-14.3	1
-20.8	95.0	4
-20.8	150.9	3
-20.7	-176.2	106
-20.7	-70.0	2
-20.7	-68.6	1
-20.7	-51.1	3
-20.7	-14.4	1
-20.7	57.4	1
-20.7	150.9	2
-20.6	-70.0	1
-20.6	146.1	45
-20.5	-175.4	17
-20.5	-70.7	4
-20.5	-69.3	1
-20.5	-33.9	10
-20.5	-14.6	1
-20.5	54.5	2
-20.5	95.0	1
-20.4	-71.0	19
-20.4	-69.6	1
-20.4	-54.6	4
-20.4	-25.1	1
-20.4	-3.2	13
-20.4	25.3	20
-20.3	-176.1	66
-20.3	-71.3	27
-20.3	-68.9	5
-20.3	-46.4	2
-20.3	-14.9	1
-20.3	54.5	1
-20.2	-55.8	2
-20.2	-46.4	2
-20.2	-43.2	4
-20.2	-43.1	4
-20.2	-25.0	1
-20.2	57.5	1
-20.2	95.0	1
-20.1	-176.1	3
-20.1	-69.2	1
-20.1	-42.4	4
-20.0	-176.1	10
-20.0	-103.0	1
-20.0	-46.5	2
-20.0	-46.3	1
-20.0	-46.2	3
-20.0	-15.2	1
-20.0	29.5	1
-20.0	54.5	1
-20.0	88.0	1
-19.9	-68.9	2
-19.9	-68.6	1
-19.9	-44.0	34
-19.9	-43.9	13
-19.9	-43.7	1
-19.9	95.0	1
-19.9	158.3	3
-19.8	-68.9	18
-19.8	-44.0	4
-19.8	30.2	1722
-19.7	-131.4	21
-19.7	-69.2	1
-19.7	-15.5	1
-19.7	146.8	11
-19.6	-57.0	2
-19.6	54.6	1
-19.6	95.0	1
-19.5	54.7	2
-19.5	158.2	3
-19.3	95.0	1
-19.3	159.0	3
-19.2	-69.0	1
-19.2	-68.8	1
-19.2	-57.6	33
-19.2	-40.1	25
-19.1	-169.9	1
-19.1	-69.3	5
-19.1	-69.1	1
-19.1	-68.9	1
-19.1	95.0	1
-19.1	146.5	14
-19.0	-169.9	5
-19.0	-103.0	1
-19.0	-34.8	2
-19.0	15.5	7
-19.0	15.6	7
-19.0	54.8	1
-18.9	-159.8	5
-18.9	-69.0	16
-18.9	-48.3	1
-18.9	47.5	8
-18.9	47.9	1
-18.9	54.9	1
-18.8	-159.8	2
-18.8	49.1	2
-18.8	95.0	1
-18.8	146.5	1
-18.8	147.7	2
-18.7	-33.7	1
-18.7	22.5	2
-18.5	22.6	5
-18.5	32.5	1
-18.5	55.0	2
-18.5	95.0	1
-18.5	147.4	20
-18.4	146.3	6
-18.3	-43.6	3
-18.3	-25.1	1
-18.3	178.0	2
-18.2	-69.5	2
-18.2	-69.4	1
-18.2	-43.6	2
-18.2	95.0	1
-18.2	142.9	1
-18.2	178.5	3
-18.1	-17.3	1
-18.1	55.0	1
-18.0	-103.0	1
-18.0	-69.4	2
-18.0	55.0	1
-18.0	95.0	1
-17.9	-17.5	1
-17.9	127.9	2
-17.9	146.1	1
-17.8	-35.3	1
-17.8	178.0	270
-17.7	125.2	2
-17.7	145.2	16
-17.6	-17.8	1
-17.6	42.2	1
-17.6	95.0	2
-17.5	-149.9	5
-17.5	-149.8	53
-17.5	42.2	2
-17.5	123.7	1
-17.4	-113.2	2
-17.4	-66.1	4
-17.4	55.0	2
-17.4	95.0	1
-17.4	177.1	2
-17.3	-18.1	1
-17.3	3.0	1
-17.3	42.3	3
-17.3	55.0	1
-17.1	-18.3	1
-17.1	95.0	1
-17.1	145.6	6
-17.0	-103.0	1
-17.0	-100.7	6
-17.0	-100.6	4
-17.0	-30.6	2
-17.0	-18.4	1
-17.0	42.7	3
-17.0	53.9	1
-17.0	54.0	6
-16.9	-100.7	1
-16.9	26.4	2
-16.9	31.4	70
-16.9	31.5	45
-16.9	35.3	2
-16.9	145.7	2
-16.8	55.0	1
-16.8	59.5	1
-16.8	95.0	1
-16.7	-79.0	16
-16.7	-18.7	1
-16.7	145.2	4
-16.7	145.3	16
-16.6	-172.2	3
-16.6	95.0	1
-16.6	144.9	2
-16.6	145.2	84
-16.5	-68.1	1
-16.5	-56.7	7
-16.5	145.1	8
-16.4	-19.0	1
-16.4	55.0	1
-16.3	46.8	4
-16.3	95.0	1
-16.2	55.0	2
-16.1	-19.3	2
-16.1	131.0	81
-16.1	145.4	7
-16.0	-25.0	1
-16.0	95.0	1
-15.8	-48.8	9
-15.8	35.0	5
-15.7	-47.9	2
-15.7	55.0	1
-15.7	95.0	1
-15.6	-13.4	2
-15.6	55.0	1
-15.5	-31.9	1
-15.5	25.6	6
-15.5	35.0	1
-15.5	35.5	1
-15.4	-174.3	3
-15.4	-174.0	1
-15.4	-25.0	1
-15.4	28.3	3
-15.4	35.0	55
-15.4	35.3	1
-15.4	95.0	1
-15.3	-174.0	1
-15.3	-103.0	1
-15.3	28.2	186
-15.3	43.3	2
-15.2	-173.6	12
-15.2	-13.4	2
-15.2	95.0	1
-15.1	-133.2	24
-15.1	26.0	4
-15.1	55.0	2
-15.0	-173.8	65
-15.0	-103.0	1
-15.0	47.2	4
-15.0	88.0	1
-14.9	35.6	1
-14.9	95.0	1
-14.8	-25.0	1
-14.7	-39.2	14
-14.7	55.0	1
-14.6	95.0	1
-14.5	35.2	1
-14.5	55.0	1
-14.4	-33.9	1
-14.4	28.2	6
-14.4	35.2	1
-14.4	35.3	1
-14.3	-178.1	1
-14.3	-178.0	3
-14.3	-25.0	1
-14.3	-21.0	1
-14.3	35.1	1
-14.3	95.0	1
-14.2	-178.2	3
-14.2	28.3	6
-14.2	66.1	3
-14.2	135.7	1
-14.1	-171.4	3
-14.1	-21.1	1
-14.1	95.0	1
-14.0	-171.8	3
-14.0	-103.0	1
-14.0	33.8	67
-14.0	55.0	2
-14.0	141.7	1
-13.9	-171.5	1
-13.9	-21.4	1
-13.9	34.8	2
-13.9	55.0	1
-13.8	-71.1	2
-13.8	95.0	1
-13.8	141.6	1
-13.8	141.9	2
-13.8	143.1	2
-13.7	-21.5	1
-13.7	141.5	2
-13.7	143.1	2
-13.6	-32.5	4
-13.6	-21.6	1
-13.6	33.5	1
-13.6	95.0	2
-13.6	132.3	2
-13.6	141.7	2
-13.5	-72.0	707
-13.5	-39.1	5
-13.5	-0.0	4
-13.5	32.5	1
-13.5	34.1	38
-13.5	48.7	2
-13.5	131.3	1
-13.5	132.4	1
-13.5	132.5	2
-13.5	134.5	1
-13.5	143.0	3
-13.4	3.9	1
-13.4	48.9	2
-13.4	55.0	1
-13.4	135.8	1
-13.3	-21.9	1
-13.3	-21.8	1
-13.3	95.0	1
-13.3	132.3	1
-13.2	33.5	1
-13.1	-22.1	1
-13.1	33.8	1
-13.1	47.0	4
-13.1	49.1	2
-13.1	55.0	1
-13.0	-103.0	1
-13.0	-96.0	18
-13.0	-82.2	16
-13.0	-38.8	5
-13.0	95.0	1
-12.9	-96.1	1
-12.9	-96.0	2
-12.9	-75.0	13
-12.9	-29.2	3
-12.9	34.3	2
-12.9	49.2	2
-12.9	132.6	2
-12.9	132.8	2
-12.9	135.2	1
-12.8	28.3	7
-12.8	34.0	1
-12.8	45.2	4
-12.8	45.3	88
-12.8	55.0	1
-12.8	95.0	1
-12.8	132.8	2
-12.7	-38.7	20
-12.7	-38.6	70
-12.7	-38.5	12
-12.7	49.3	2
-12.7	132.5	3
-12.7	132.8	3
-12.6	-70.1	70
-12.6	-38.7	2
-12.6	-22.5	1
-12.6	132.4	1
-12.6	132.6	2
-12.5	49.4	1
-12.5	95.0	1
-12.5	135.8	1
-12.4	-38.2	2
-12.4	-22.7	1
-12.4	49.3	1
-12.4	66.1	1
-12.4	130.9	4
-12.4	131.1	6
-12.4	132.9	3
-12.3	-22.8	1
-12.3	95.0	1
-12.3	123.2	2
-12.2	-77.0	8
-12.2	-76.9	293
-12.2	55.0	2
-12.2	122.9	8
-12.2	123.0	8
-12.2	123.2	6
-12.1	-24.9	1
-12.0	-151.2	2
-12.0	-151.1	1
-12.0	-151.0	2
-12.0	-103.0	1
-12.0	-76.8	1
-12.0	134.2	1
-11.9	-55.6	7
-11.9	-29.8	1
-11.9	-25.0	1
-11.9	54.5	1
-11.9	54.6	1
-11.9	95.0	1
-11.8	34.0	1
-11.7	43.3	1
-11.7	54.4	1
-11.6	34.3	3
-11.6	95.0	1
-11.5	34.0	1
-11.5	54.1	1
-11.4	34.1	1
-11.4	95.0	2
-11.3	-72.2	2
-11.3	-24.9	1
-11.2	66.3	2
-11.1	53.6	1
-11.1	53.7	2
-11.1	95.0	1
-11.0	-103.0	1
-10.9	95.0	1
-10.8	53.2	1
-10.7	-25.0	1
-10.7	95.0	1
-10.6	142.2	50
-10.5	-24.5	1
-10.5	52.9	1
-10.5	105.6	13
-10.5	105.7	1
-10.4	52.8	1
-10.3	-176.5	1
-10.3	-24.7	1
-10.3	95.0	2
-10.2	34.1	1
-10.1	-134.3	24
-10.1	-76.1	6
-10.1	95.0	1
-10.0	-25.0	1
-10.0	52.3	1
-10.0	88.0	1
-9.9	-103.2	1
-9.9	-76.6	3
-9.9	-76.5	3
-9.9	-76.2	12
-9.9	52.1	1
-9.9	144.0	50
-9.8	95.0	1
-9.7	150.8	4
-9.6	-25.3	1
-9.6	-13.2	10
-9.6	51.9	2
-9.5	-36.1	2
-9.5	-13.2	5
-9.5	95.0	1
-9.4	-40.5	12
-9.4	-25.6	1
-9.4	46.2	1
-9.4	66.4	4
-9.4	147.2	20
-9.4	147.3	6
-9.4	147.4	11
-9.4	159.5	4
-9.3	-9.7	1
-9.3	-9.6	2
-9.3	51.4	2
-9.3	95.0	1
-9.3	152.0	3
-9.3	160.1	2
-9.2	-140.5	17
-9.2	-75.0	38
-9.2	-28.0	3
-9.2	153.1	4
-9.1	-140.6	10
-9.1	-140.5	2
-9.1	-104.2	1
-9.1	-25.9	1
-9.1	51.6	1
-9.1	115.6	1
-9.1	143.2	18
-9.0	-139.3	3
-9.0	-139.2	19
-9.0	-139.1	8
-9.0	95.0	1
-8.9	-142.6	18
-8.9	-142.5	6
-8.9	-140.3	19
-8.9	51.9	1
-8.8	-26.2	1
-8.8	-24.9	1
-8.8	-17.9	7
-8.7	-18.0	5
-8.7	52.1	1
-8.7	95.0	1
-8.6	52.4	2
-8.6	158.2	5
-8.6	179.1	1
-8.5	-26.4	1
-8.5	52.5	1
-8.5	95.0	1
-8.4	-25.0	1
-8.4	52.6	1
-8.4	115.2	5
-8.4	131.7	1
-8.4	179.1	2
-8.3	-73.2	1
-8.3	-26.6	2
-8.2	-105.5	1
-8.2	-28.0	1
-8.2	52.9	2
-8.2	95.0	2
-8.1	53.1	1
-8.0	53.3	2
-8.0	156.7	4
-7.9	95.0	1
-7.8	-30.6	5
-7.8	53.5	1
-7.8	110.4	5
-7.7	95.0	1
-7.5	-36.3	24
-7.5	-25.0	1
-7.5	30.4	7
-7.5	53.6	1
-7.4	-35.6	35
-7.4	-25.0	1
-7.4	95.0	1
-7.3	-29.3	20
-7.3	147.1	8
-7.2	-29.3	8
-7.2	109.9	3
-7.1	-107.1	1
-7.1	53.9	1
-7.1	95.0	1
-7.0	-38.5	36
-7.0	-38.0	18
-7.0	-37.9	17
-7.0	54.0	1
-7.0	95.0	1
-7.0	111.4	1
-6.9	-38.4	6
-6.9	-35.4	26
-6.9	-35.3	13
-6.9	107.6	3
-6.8	-38.3	30
-6.8	-31.3	2
-6.8	37.7	1
-6.8	39.2	236
-6.8	107.6	3
-6.7	-28.1	1
-6.7	149.8	1
-6.6	-152.5	5
-6.6	-152.4	4
-6.6	54.3	1
-6.6	95.0	2
-6.6	106.8	2
-6.6	146.9	3
-6.5	-28.3	1
-6.5	29.9	1
-6.4	29.9	1
-6.4	34.9	49
-6.4	95.0	1
-6.4	145.3	4
-6.3	-74.8	6
-6.3	-28.5	1
-6.3	7.7	1
-6.3	38.5	3
-6.2	-108.3	1
-6.2	-50.3	12
-6.2	-50.2	8
-6.2	29.7	5
-6.2	54.5	1
-6.2	145.3	3
-6.1	39.3	2
-6.1	54.6	1
-6.1	95.0	1
-6.0	-28.7	1
-6.0	29.8	1
-6.0	39.2	1
-6.0	145.4	9
-5.9	-28.8	1
-5.9	39.3	1
-5.9	106.6	3
-5.9	145.0	5
-5.8	95.0	1
-5.8	145.0	18
-5.8	145.1	7
-5.7	-73.3	24
-5.7	-29.0	1
-5.7	-28.5	4
-5.7	29.9	1
-5.6	-29.3	1
-5.6	29.5	1
-5.6	55.0	1
-5.5	95.0	1
-5.4	-49.1	12
-5.3	-109.6	1
-5.3	-85.3	7
-5.3	-85.2	11
-5.3	-29.3	2
-5.3	55.1	1
-5.3	95.0	1
-5.2	-80.7	1
-5.2	-37.3	1
-5.2	-36.9	3
-5.2	150.4	2
-5.1	55.3	2
-5.1	150.2	3
-5.0	-136.7	21
-5.0	-110.0	1
-5.0	-25.0	2
-5.0	29.5	7
-5.0	88.0	1
-5.0	95.0	1
-4.9	29.5	8
-4.9	29.6	4
-4.9	151.0	1
-4.8	-12.4	41
-4.8	29.6	1
-4.8	143.6	3
-4.7	11.8	6
-4.7	29.6	16
-4.6	143.5	6
-4.5	-74.6	5
-4.5	94.9	4
-4.4	94.8	1
-4.3	-25.0	1
-4.2	-70.0	1
-4.1	-79.2	1
-4.1	-73.2	1
-4.1	-63.5	1
-4.1	94.7	1
-4.0	-110.0	1
-3.9	-61.7	1
-3.9	-38.6	3
-3.9	94.7	1
-3.8	-73.3	32
-3.8	152.1	2
-3.7	-61.5	1
-3.7	-25.0	1
-3.7	55.5	1
-3.7	151.7	13
-3.7	151.9	2
-3.6	34.6	38
-3.6	35.1	27
-3.6	39.8	183
-3.6	94.6	1
-3.5	55.8	1
-3.5	118.5	1
-3.4	-169.5	28
-3.4	-60.6	2
-3.4	13.0	4
-3.4	37.3	1
-3.4	37.4	1
-3.4	94.5	1
-3.3	-60.7	1
-3.3	-60.2	52
-3.3	-60.1	1
-3.3	-60.0	1
-3.3	-55.0	6
-3.3	-54.9	6
-3.2	-60.2	6
-3.2	36.9	7
-3.2	56.0	1
-3.1	-60.0	30
-3.1	-55.0	13
-3.1	-47.4	3
-3.1	94.4	2
-3.1	152.6	8
-3.0	-149.7	3
-3.0	-110.0	1
-3.0	-55.0	6
-3.0	-47.4	9
-3.0	-47.3	15
-3.0	56.2	2
-2.9	-78.9	1
-2.9	-55.0	7
-2.9	94.4	1
-2.8	56.4	1
-2.8	94.3	1
-2.8	121.5	14
-2.7	-28.9	3
-2.7	25.1	7
-2.7	37.1	48
-2.7	37.2	126
-2.7	56.4	1
-2.7	121.2	4
-2.6	94.3	1
-2.6	141.3	1
-2.5	10.9	1
-2.5	32.9	1
-2.5	94.2	1
-2.5	121.4	1
-2.3	56.8	2
-2.3	94.2	1
-2.2	-79.9	2
-2.2	10.3	1
-2.2	94.1	2
-2.2	103.3	3
-2.2	103.4	1
-2.1	-80.0	1
-2.1	57.0	1
-2.1	102.8	9
-2.1	102.9	1
-2.0	-150.0	1
-2.0	-110.0	1
-2.0	-84.6	6
-2.0	-80.7	1
-2.0	72.2	3
-2.0	94.1	1
-2.0	102.8	4
-2.0	118.8	1
-1.9	-84.6	8
-1.9	94.0	1
-1.9	102.6	2
-1.9	103.3	7
-1.8	36.8	1
-1.8	57.2	1
-1.8	103.3	5
-1.7	94.0	1
-1.7	103.8	35
-1.6	-79.0	2
-1.6	93.9	1
-1.5	-78.8	4
-1.5	-25.3	1
-1.5	-6.8	1
-1.5	35.3	1
-1.4	-79.3	1
-1.4	-78.8	8
-1.4	-48.5	13
-1.4	-48.4	3
-1.4	93.9	1
-1.3	-78.6	2
-1.3	30.0	5
-1.3	36.8	43
-1.3	37.0	1
-1.3	57.2	1
-1.2	-25.0	1
-1.2	36.9	237
-1.2	37.0	3
-1.2	57.3	1
-1.2	93.8	1
-1.1	29.9	1
-1.1	37.0	2
-1.1	93.8	1
-1.0	-150.4	1
-1.0	-110.0	1
-1.0	-91.5	1
-1.0	37.1	13
-0.9	-89.6	3
-0.9	-89.5	6
-0.9	-78.6	2
-0.9	57.2	1
-0.9	93.7	1
-0.8	-91.4	1
-0.8	11.6	35
-0.8	57.3	1
-0.8	93.7	1
-0.7	-91.3	4
-0.7	-90.4	24
-0.7	-90.3	10
-0.7	-78.4	4
-0.7	73.2	4
-0.6	-91.1	4
-0.6	-90.4	5
-0.6	-77.8	1
-0.6	-25.0	1
-0.6	30.6	146
-0.6	93.6	1
-0.5	-78.5	8
-0.5	-78.2	6
-0.5	57.3	2
-0.5	93.0	1
-0.4	-78.2	1
-0.4	-72.1	1
-0.4	-33.5	2
-0.4	37.2	1
-0.4	93.6	1
-0.3	-78.5	2
-0.3	-78.2	1
-0.3	-72.1	1
-0.3	93.6	1
-0.2	-78.5	2
-0.2	-78.4	1
-0.2	-32.9	3
-0.2	57.3	1
-0.1	32.6	1
-0.1	32.7	2
-0.1	57.3	1
-0.1	93.5	1
0.0	-158.0	1
0.0	-153.8	1
0.0	-153.7	7
0.0	-153.6	2
0.0	-150.7	4
0.0	-110.0	1
0.0	-84.6	8
0.0	-78.5	1
0.0	-78.0	2
0.0	-35.0	3
0.0	-25.0	1
0.0	-0.0	15
0.0	37.9	103
0.0	57.3	2
0.0	71.6	5
0.0	88.0	1
0.0	93.4	1
0.0	180.0	2
0.1	-84.6	1
0.1	-30.5	2
0.1	93.4	1
0.2	-33.7	1
0.2	34.9	1
0.2	57.3	2
0.3	-78.4	1
0.3	32.6	22
0.3	34.5	6
0.3	34.9	7
0.3	93.3	1
0.4	6.6	1
0.4	29.9	30
0.4	32.5	2
0.4	33.2	19
0.4	93.2	1
0.5	-150.9	1
0.5	57.3	2
0.5	93.0	1
0.6	127.9	1
0.7	-8.7	1
0.7	34.4	6
0.7	92.8	1
0.8	-89.6	1
0.8	92.7	1
0.9	-97.1	1
0.9	34.0	4
0.9	57.3	1
0.9	92.6	1
1.0	-151.0	1
1.0	-110.0	1
1.0	-34.9	1
1.0	32.0	235
1.0	57.3	1
1.1	-36.0	1
1.1	92.5	2
1.2	-64.8	6
1.2	57.3	2
1.2	103.5	85
1.2	103.8	48
1.3	-46.8	5
1.3	-35.1	1
1.3	103.5	1
1.3	103.7	67
1.3	103.8	2132
1.3	103.9	16
1.3	104.0	1
1.3	163.2	3
1.4	-35.3	1
1.4	72.5	1
1.4	103.7	8
1.4	103.8	2008
1.4	103.9	52
1.4	104.0	145
1.4	111.4	14
1.5	-151.2	1
1.5	-142.1	23
1.5	-75.6	4
1.5	57.3	1
1.5	92.3	2
1.5	103.7	2
1.5	103.8	3
1.6	-35.4	1
1.7	-35.6	1
1.7	-25.0	1
1.7	92.2	1
1.7	103.7	4
1.7	173.0	1
1.8	57.3	1
1.8	92.2	1
1.8	172.9	1
1.9	-35.7	1
2.0	-151.4	1
2.0	-110.0	1
2.0	-97.1	1
2.0	-84.6	18
2.0	-35.9	1
2.0	57.3	2
2.0	92.1	1
2.0	103.2	1
2.1	-84.6	6
2.2	92.0	1
2.3	81.1	1
2.4	-36.2	1
2.4	-13.6	1
2.4	10.0	17
2.4	57.7	1
2.4	91.9	1
2.4	102.5	4
2.5	84.0	1
2.5	102.8	200
2.6	9.8	19
2.6	57.9	1
2.6	91.9	1
2.6	101.7	78
2.7	-36.5	2
2.7	101.6	70
2.7	102.1	5
2.8	58.1	2
2.8	91.8	1
2.8	102.1	1
2.9	-36.7	1
2.9	-25.0	1
2.9	78.2	1
2.9	86.4	1
2.9	101.4	276
2.9	102.1	5
3.0	-152.0	3
3.0	-151.7	3
3.0	-149.7	1
3.0	-110.0	1
3.0	-76.5	3
3.0	10.1	6
3.0	10.2	3
3.0	10.3	2
3.0	91.8	2
3.0	101.4	1
3.0	101.7	4
3.0	101.8	5
3.0	101.9	5
3.0	102.3	1
3.0	131.1	4
3.0	131.8	3
3.1	-54.1	1
3.1	10.2	10
3.1	101.5	2
3.1	101.6	70
3.1	101.7	7
3.1	101.8	7
3.2	-37.0	2
3.2	58.4	2
3.2	91.7	1
3.2	101.4	1
3.2	101.6	6
3.2	101.7	6
3.2	101.8	1
3.2	113.4	26
3.2	113.5	44
3.3	101.6	16
3.3	101.8	15
3.4	11.5	12
3.4	11.8	151
3.4	91.7	1
3.4	101.8	5
3.4	115.3	1
3.5	-77.3	5
3.5	-76.5	1
3.5	-76.3	1
3.5	-73.4	2
3.5	11.5	52
3.6	58.8	1
3.6	103.5	6
3.7	58.8	1
3.7	63.8	1
3.7	91.4	1
3.8	-73.3	7
3.8	-25.8	1
3.8	11.5	175
3.8	101.4	71
3.9	11.5	66
3.9	72.9	1
3.9	91.3	1
3.9	101.5	2
3.9	103.4	6
3.9	103.5	3
4.0	-152.1	1
4.0	-110.0	1
4.0	-81.6	2
4.0	-38.0	3
4.0	59.2	1
4.0	101.4	4
4.1	-73.2	8
4.1	9.2	1
4.1	91.2	1
4.1	103.4	6
4.2	-73.2	8
4.2	100.1	158
4.2	100.7	5
4.3	91.0	1
4.3	103.4	4
4.3	132.3	3
4.4	59.5	3
4.4	88.2	1
4.4	100.7	5
4.4	100.8	5
4.5	-74.3	1
4.5	90.9	1
4.5	114.3	13
4.6	-74.3	2
4.6	-74.1	682
4.6	7.3	1
4.6	101.1	1
4.7	-74.8	1
4.7	-74.2	1
4.7	-52.4	2
4.7	73.5	3
4.7	90.8	2
4.7	101.5	10
4.7	132.0	3
4.8	-75.6	1
4.8	-52.4	1
4.8	59.9	1
4.8	90.6	1
4.8	103.4	6
4.9	-110.0	1
4.9	-52.4	1
4.9	-38.5	1
4.9	103.4	1
5.0	-152.4	1
5.0	-74.0	1
5.0	-72.6	18
5.0	-52.5	9
5.0	-1.7	2
5.0	7.1	1
5.0	88.0	1
5.0	90.5	1
5.1	-54.3	1
5.1	-53.0	22
5.1	-52.7	1
5.1	60.1	1
5.2	-52.7	9
5.2	-38.8	1
5.2	60.3	2
5.3	-53.2	6
5.3	-4.0	7
5.3	90.2	1
5.3	115.7	7
5.3	132.2	3
5.4	-54.1	2
5.4	-53.3	2
5.4	90.2	1
5.4	100.3	10
5.4	100.4	1
5.4	101.6	5
5.5	-39.1	1
5.5	-25.0	1
5.5	-0.2	10
5.5	10.9	1
5.5	93.5	1
5.6	-0.2	2
5.6	-0.0	1
5.6	10.6	2
5.6	60.6	1
5.6	89.9	1
5.6	100.5	14
5.6	100.7	5
5.6	101.5	5
5.6	101.6	5
5.7	100.5	4
5.7	100.7	5
5.7	101.3	5
5.8	-39.4	1
5.8	89.1	1
5.8	89.8	1
5.8	100.9	100
5.8	101.0	5
5.9	-62.5	1
5.9	89.2	1
5.9	89.6	2
6.0	-110.0	1
6.0	60.5	1
6.0	61.0	3
6.0	73.9	9
6.0	74.1	1
6.0	89.5	1
6.0	90.7	1
6.0	102.4	2
6.0	102.5	1
6.0	116.5	1
6.1	-39.7	1
6.1	1.2	2
6.1	89.6	1
6.1	100.4	16
6.1	116.6	6
6.2	-75.6	20
6.2	89.6	1
6.3	-103.0	6
6.3	-102.9	3
6.3	-57.4	1
6.3	-26.4	1
6.4	-103.1	5
6.4	-39.9	1
6.4	2.4	4
6.4	2.5	2
6.4	2.6	1
6.4	10.3	2
6.4	60.5	1
6.4	61.4	1
6.4	80.4	1
6.5	-95.0	4
6.5	3.4	3
6.5	61.5	1
6.5	89.3	2
6.5	124.0	2
6.6	-153.1	4
6.6	-75.7	3
6.6	3.3	4
6.6	100.2	1
6.7	-153.1	3
6.7	-75.7	3
6.7	-25.0	1
6.7	-1.6	3
6.7	89.2	1
6.8	-153.1	2
6.8	-40.2	1
6.8	-5.3	6
6.8	42.7	15
6.8	61.7	2
6.8	79.9	1
6.8	101.0	4
6.9	-73.8	2
6.9	-40.3	1
6.9	3.7	1
6.9	79.9	3
6.9	89.1	1
6.9	101.0	4
6.9	101.2	3
7.0	-153.1	1
7.0	-152.0	3
7.0	-110.0	1
7.0	-40.5	2
7.0	79.9	1
7.1	62.0	1
7.1	79.9	1
7.1	88.9	1
7.1	151.9	1
7.2	62.1	1
7.2	88.8	1
7.3	-40.7	1
7.3	-29.6	2
7.4	-81.7	2
7.4	-79.3	6
7.4	-40.8	1
7.4	3.9	4
7.4	5.1	1
7.5	-26.7	1
7.5	3.5	12
7.5	3.9	1
7.5	76.8	1
7.5	88.6	1
7.5	151.9	3
7.6	-81.7	1
7.6	4.5	5
7.6	62.5	1
7.6	88.5	1
7.7	-81.3	1
7.7	-23.5	15
7.7	-5.0	6
7.7	5.1	1
7.7	85.7	1
7.7	134.6	3
7.7	151.7	3
7.8	4.6	1
7.8	62.6	1
7.8	134.6	6
7.9	-81.8	1
8.0	-156.0	5
8.0	-153.5	1
8.0	-110.0	1
8.0	62.8	1
8.0	85.9	1
8.0	88.2	3
8.0	94.9	1
8.1	-82.4	1
8.1	76.7	1
8.2	-81.1	2
8.2	88.0	1
8.2	125.0	1
8.3	76.1	2
8.3	76.5	2
8.3	85.5	1
8.3	86.0	1
8.3	87.9	1
8.4	-82.9	2
8.4	-80.8	1
8.4	0.5	2
8.4	63.2	2
8.4	77.1	1
8.5	-83.2	1
8.5	4.6	1
8.5	4.7	4
8.5	63.3	1
8.5	76.7	4
8.5	76.9	3
8.5	86.1	1
8.5	87.8	1
8.6	-84.1	3
8.6	-83.4	1
8.6	-82.2	1
8.6	-80.1	2
8.6	-41.9	1
8.7	-86.5	1
8.7	-84.0	4
8.7	-82.3	2
8.7	-80.3	2
8.7	87.6	1
8.8	-83.0	7
8.8	-82.6	2
8.8	-82.5	1
8.8	-82.3	1
8.8	-79.8	3
8.8	-42.1	1
8.8	7.9	1
8.8	63.6	1
8.8	86.3	1
8.9	-82.7	3
8.9	-26.2	1
8.9	38.8	2
8.9	85.2	1
8.9	87.5	1
9.0	-154.2	1
9.0	-110.0	1
9.0	-79.6	1
9.0	-79.5	8
9.0	-42.3	1
9.0	7.5	3
9.0	7.6	2
9.0	38.6	2
9.0	77.3	3
9.1	-87.1	3
9.1	-84.8	4
9.1	-79.9	3
9.1	-79.8	34
9.1	-79.7	76
9.1	-79.6	2
9.1	38.5	2
9.1	40.5	205
9.1	63.9	1
9.1	86.4	1
9.1	87.3	1
9.2	-154.0	1
9.2	-83.3	2
9.2	-82.1	1
9.2	-79.9	1
9.2	-79.8	21
9.2	-79.7	1
9.2	-79.6	1
9.2	-42.4	1
9.2	63.9	2
9.2	87.3	1
9.3	-156.4	1
9.3	-104.2	1
9.3	-83.6	2
9.3	-83.3	2
9.3	-82.5	1
9.3	-82.3	1
9.3	-82.2	5
9.3	-80.0	1
9.3	2.2	1
9.3	79.2	2
9.3	79.6	1
9.3	85.0	1
9.3	86.5	1
9.4	-156.2	1
9.4	-154.2	1
9.4	-154.1	2
9.4	-153.8	1
9.4	-83.9	1
9.4	-83.7	2
9.4	-82.4	1
9.4	-82.3	25
9.4	-79.9	7
9.4	-42.7	1
9.4	-0.8	6
9.4	76.8	8
9.5	-92.3	1
9.5	-50.5	5
9.5	76.8	8
9.5	76.9	2
9.5	87.1	2
9.5	123.4	2
9.6	-104.3	1
9.6	-79.6	1
9.6	9.1	1
9.6	64.3	1
9.6	75.4	1
9.6	86.7	1
9.6	123.6	1
9.7	-83.8	10
9.7	-82.8	23
9.7	-43.0	1
9.7	64.4	1
9.7	87.4	1
9.8	-104.3	41
9.8	-80.1	1
9.8	-80.0	3
9.8	76.3	1
9.8	86.8	2
9.9	-104.3	1
9.9	-85.5	1
9.9	-84.2	6
9.9	-84.0	6
9.9	-83.2	2
9.9	-26.8	1
9.9	86.5	1
9.9	87.0	1
9.9	138.4	1
9.9	138.5	2
10.0	-154.5	4
10.0	-145.0	2
10.0	-113.0	6
10.0	-110.0	1
10.0	-84.7	2
10.0	-84.1	3
10.0	-84.0	6
10.0	-83.9	6
10.0	-83.0	2
10.0	-43.2	1
10.0	64.7	2
10.0	76.3	6
10.0	84.8	1
10.0	85.2	1
10.0	85.4	1
10.0	85.7	1
10.0	86.1	1
10.0	86.2	1
10.0	87.3	1
10.0	87.6	1
10.0	87.9	1
10.0	88.0	1
10.0	140.2	1
10.1	-27.3	1
10.1	86.9	1
10.3	-109.2	2
10.3	-43.5	1
10.3	-37.0	1
10.3	87.1	1
10.4	-84.4	2
10.4	-84.1	1
10.4	-84.0	2
10.4	64.7	1
10.5	-84.1	3
10.5	-66.9	1
10.5	64.7	1
10.5	76.2	15
10.5	87.2	1
10.6	-85.5	1
10.6	-85.4	1
10.6	-65.2	48
10.6	-61.4	3
10.6	-61.3	1
10.6	-43.8	2
10.7	-5.1	1
10.7	106.7	1
10.8	-102.5	4
10.8	-102.4	25
10.8	-85.7	1
10.8	-85.6	1
10.8	-43.9	1
10.8	79.6	4
10.8	87.3	2
10.8	141.8	1
10.9	-85.8	31
10.9	-85.7	2
10.9	-44.7	2
10.9	-29.2	3
10.9	-1.1	235
10.9	125.8	3
10.9	141.7	1
10.9	141.8	4
10.9	142.0	3
10.9	142.2	2
11.0	-154.9	1
11.0	-152.0	3
11.0	-110.0	1
11.0	-4.0	1
11.0	70.0	2
11.0	76.4	1
11.0	76.9	6
11.0	77.0	13
11.0	87.5	1
11.0	141.9	1
11.0	142.0	2
11.0	142.3	3
11.1	7.7	3
11.1	64.7	3
11.1	76.9	3
11.1	78.7	25
11.1	142.0	1
11.1	142.1	2
11.1	142.2	3
11.1	142.3	2
11.2	-4.3	1
11.2	75.5	2
11.2	87.6	1
11.2	139.9	1
11.2	141.7	1
11.2	141.8	3
11.2	142.2	2
11.3	-152.5	1
11.3	-152.4	2
11.3	-151.4	24
11.3	-142.2	19
11.3	-3.5	728
11.3	38.0	2
11.3	142.2	23
11.3	142.3	9
11.4	-27.7	1
11.4	77.7	1
11.4	78.2	1
11.4	79.8	1
11.4	92.4	1
11.4	92.5	1
11.4	125.2	3
11.4	139.4	4
11.4	142.4	33
11.4	142.6	1
11.5	-94.2	9
11.5	13.1	1
11.5	77.2	1
11.5	79.5	1
11.5	79.8	1
11.5	87.8	1
11.5	92.7	1
11.5	104.9	5
11.6	-72.3	23
11.6	64.7	1
11.6	79.5	1
11.6	104.9	7
11.6	138.6	1
11.6	140.3	4
11.6	141.9	3
11.6	142.2	3
11.7	87.9	1
11.7	92.7	1
11.7	138.6	1
11.7	142.1	8
11.7	142.2	2
11.8	-28.0	1
11.8	13.2	1
11.8	125.2	3
11.8	125.3	3
11.8	138.7	4
11.8	142.0	1
11.8	142.1	4
11.9	-85.9	1
11.9	144.9	1
12.0	-155.2	5
12.0	-110.0	1
12.0	-86.1	1
12.0	-68.8	2
12.0	-68.6	2
12.0	64.7	1
12.0	88.1	1
12.0	92.9	1
12.0	93.0	2
12.0	105.5	1
12.0	130.0	2
12.0	142.1	3
12.0	154.0	4
12.1	-69.0	18
12.1	-68.9	14
12.1	-68.8	3
12.1	-68.7	2
12.1	15.1	5
12.1	64.7	1
12.2	-86.2	1
12.2	-69.1	9
12.2	-69.0	3
12.2	-45.3	1
12.2	64.7	1
12.2	80.0	1
12.2	88.2	1
12.2	109.3	2
12.2	141.0	1
12.3	-69.2	2
12.3	-69.1	1
12.3	102.5	20
12.3	141.7	2
12.4	-69.2	6
12.4	-8.0	9
12.4	-1.5	1
12.4	75.5	2
12.4	76.6	1
12.4	140.9	1
12.5	-102.3	9
12.5	-90.3	9
12.5	-45.6	1
12.5	73.6	2
12.5	74.4	2
12.5	74.5	2
12.5	75.0	56
12.5	88.4	1
12.5	111.5	1
12.5	140.7	2
12.6	-22.2	1
12.6	77.4	24
12.6	140.9	1
12.6	141.1	3
12.6	143.4	2
12.6	156.5	1
12.7	-28.5	1
12.7	-2.2	384
12.7	64.7	1
12.7	88.5	2
12.7	120.4	7
12.8	74.9	8
12.8	105.1	1
12.9	-143.7	1
12.9	-143.6	1
12.9	-85.9	1
12.9	-45.9	1
12.9	64.7	1
12.9	79.1	286
12.9	80.2	5
12.9	88.6	1
12.9	121.8	27
12.9	143.6	8
13.0	-155.6	1
13.0	-110.0	1
13.0	-60.0	1
13.0	73.6	1
13.0	74.5	2
13.0	77.6	113
13.0	80.3	1
13.0	112.2	1
13.0	114.7	2
13.1	-59.6	11
13.1	5.2	26
13.1	77.6	30
13.1	80.3	1
13.1	88.7	1
13.2	-59.6	1
13.2	-59.5	2
13.2	-53.4	5
13.2	-46.1	1
13.2	64.7	2
13.2	77.5	14
13.2	100.9	15
13.2	101.2	6
13.2	103.5	2
13.2	144.4	1
13.2	144.6	1
13.3	-59.7	1
13.3	-44.9	10
13.3	40.9	1
13.3	56.5	1
13.3	144.6	2
13.4	-103.6	9
13.4	-16.6	18
13.4	74.7	6
13.4	74.8	2
13.4	77.7	3
13.4	88.9	1
13.4	100.3	20
13.4	103.9	467
13.4	143.9	1
13.4	144.6	3
13.5	-46.5	1
13.5	-45.0	13
13.5	-16.6	1
13.5	121.0	8
13.6	144.8	1
13.7	100.5	7
13.8	-46.7	1
13.8	-28.3	1
13.8	64.7	2
13.8	89.2	1
13.8	100.5	20
13.8	114.3	12
13.8	120.9	1
14.0	-61.0	1
14.0	-46.9	1
14.0	101.7	20
14.0	111.5	1
14.0	113.5	1
14.0	116.5	9
14.0	130.0	2
14.1	-60.9	1
14.1	-47.1	1
14.1	40.3	1
14.1	40.4	6
14.1	89.3	1
14.1	100.6	11
14.2	-116.7	3
14.2	-116.6	15
14.2	40.3	3
14.2	102.4	1
14.2	121.1	1
14.2	121.3	4
14.3	64.7	2
14.3	72.9	1
14.3	121.1	1
14.4	-47.4	2
14.4	80.0	2
14.4	99.5	12
14.4	121.0	2
14.4	121.1	2
14.4	121.2	2
14.5	-90.6	1
14.5	64.7	1
14.5	89.5	1
14.5	89.6	2
14.5	121.1	2
14.6	-90.6	1
14.6	-90.5	1
14.6	70.0	10
14.6	89.6	1
14.6	121.0	154
14.6	121.1	1
14.7	-110.0	1
14.7	-29.7	1
14.7	-17.4	2
14.7	121.6	6
14.8	-45.0	13
14.9	64.7	1
15.0	-156.3	1
15.0	64.9	1
15.0	68.0	2
15.0	111.6	1
15.0	120.5	1
15.0	150.0	1
15.1	-28.6	1
15.1	65.1	2
15.1	89.8	1
15.1	116.3	1
15.2	-20.5	1
15.2	64.0	4
15.2	72.5	2
15.2	73.4	2
15.2	89.8	1
15.2	104.9	1
15.3	73.5	2
15.4	65.6	1
15.4	73.9	2
15.4	90.1	1
15.5	32.5	1
15.5	65.7	1
15.5	73.8	2
15.5	75.0	9
15.5	89.8	1
15.5	112.2	1
15.5	144.5	1
15.5	144.6	1
15.6	-30.4	1
15.6	32.6	1
15.7	66.1	2
15.7	89.8	1
15.8	-105.0	17
15.8	111.2	1
15.9	-68.9	1
15.9	66.4	1
15.9	101.0	6
16.0	-156.6	1
16.0	-110.0	4
16.0	-105.0	3
16.0	-49.0	1
16.0	66.6	1
16.0	89.8	1
16.0	112.5	2
16.0	130.0	4
16.1	111.5	1
16.1	111.8	1
16.1	112.5	2
16.2	-96.3	3
16.2	-61.6	9
16.2	-61.5	10
16.2	67.0	2
16.2	77.8	2
16.2	108.1	1
16.2	111.8	1
16.2	116.5	1
16.2	119.5	2
16.2	120.7	3
16.2	121.4	3
16.3	-49.3	1
16.3	89.8	1
16.3	111.7	1
16.3	116.6	1
16.3	120.7	1
16.4	-93.4	3
16.4	67.3	1
16.4	74.4	3
16.4	102.8	6
16.5	-110.0	6
16.5	-107.2	3
16.5	-107.1	4
16.5	-61.5	1
16.5	-49.4	1
16.5	67.5	1
16.5	88.0	1
16.5	89.8	1
16.5	111.6	2
16.5	111.7	1
16.5	111.8	1
16.5	116.6	1
16.6	-107.4	12
16.6	-49.6	1
16.6	73.2	1
16.6	116.7	14
16.6	116.9	1
16.6	117.0	1
16.7	110.4	49
16.7	110.5	15
16.7	112.8	1
16.7	116.5	1
16.7	116.8	10
16.8	-88.1	39
16.8	-56.3	5
16.8	68.0	2
16.8	89.8	1
16.8	100.2	1
16.8	100.3	1
16.8	100.4	1
16.8	100.5	1
16.8	110.4	1
16.8	112.3	1
16.8	116.3	1
16.8	116.8	8
16.9	-49.9	1
16.9	-21.6	1
16.9	110.4	23
16.9	116.8	1
17.0	-157.3	1
17.0	-118.9	1
17.0	-110.0	2
17.0	-106.5	13
17.0	89.8	2
17.0	110.0	14
17.0	112.3	1
17.0	122.0	1
17.0	144.9	6
17.0	154.3	1
17.1	-118.9	3
17.1	68.5	1
17.1	89.8	1
17.1	106.8	1
17.1	110.0	6
17.1	110.4	1
17.1	111.5	2
17.2	-110.7	4
17.2	-93.1	1
17.2	68.7	1
17.2	73.4	2
17.2	73.5	2
17.2	111.0	52
17.3	-50.3	1
17.3	-32.2	1
17.3	-20.8	1
17.3	69.0	1
17.3	73.1	2
17.3	73.3	2
17.3	90.0	1
17.3	104.2	2
17.4	-24.5	14
17.4	-20.8	5
17.4	40.5	3
17.4	78.4	45
17.4	78.5	36
17.4	78.6	2
17.4	111.1	2
17.5	68.0	5
17.5	69.4	1
17.5	78.3	4
17.5	89.9	1
17.5	110.8	2
17.6	-50.6	1
17.6	-4.0	218
17.6	8.1	387
17.6	39.5	6
17.6	41.5	12
17.6	41.7	1
17.6	69.5	1
17.6	78.5	2
17.6	78.6	2
17.6	89.9	2
17.6	111.1	38
17.6	117.8	1
17.7	-102.4	11
17.7	-50.8	1
17.7	-28.9	1
17.7	69.0	2
17.7	74.0	10
17.7	78.4	2
17.8	-64.8	27
17.8	-64.7	8
17.8	68.7	1
17.9	-51.0	1
17.9	68.5	1
17.9	89.9	1
17.9	110.6	2
18.0	-157.6	1
18.0	-157.0	1
18.0	-110.0	1
18.0	-102.0	4
18.0	-76.9	1
18.0	-67.2	3
18.0	-67.0	16
18.0	-66.9	7
18.0	-66.0	1
18.0	68.0	1
18.0	111.0	1
18.0	114.1	3
18.0	116.0	12
18.0	119.0	6
18.0	128.7	2
18.1	-88.6	10
18.1	-67.0	38
18.1	-66.4	4
18.1	-63.0	1
18.1	-33.0	1
18.1	108.6	15
18.1	109.3	5
18.1	127.7	7
18.1	128.0	9
18.2	-104.2	1
18.2	-93.0	1
18.2	-67.0	1
18.2	-66.8	26
18.2	-51.3	2
18.2	-16.6	2
18.2	76.6	1
18.2	98.1	15
18.2	109.3	1
18.2	109.5	6
18.2	109.6	1
18.2	111.8	11
18.2	111.9	2
18.2	113.0	3
18.2	144.7	5
18.3	-105.2	1
18.3	-97.2	1
18.3	-67.2	2
18.3	-66.9	1
18.3	-66.7	1
18.3	-66.2	8
18.3	-65.8	25
18.3	-65.7	4
18.3	-65.0	1
18.3	40.4	6
18.3	83.0	2
18.3	109.2	6
18.3	109.4	70
18.3	109.5	2
18.3	109.7	16
18.3	115.0	2
18.4	-89.9	3
18.4	-81.8	7
18.4	-66.9	1
18.4	-66.7	1
18.4	-66.6	1
18.4	-66.1	1
18.4	39.9	10
18.4	78.5	4
18.4	98.2	10
18.4	108.8	30
18.4	108.9	1
18.4	109.0	1
18.4	109.7	3
18.4	110.2	1
18.4	112.0	3
18.4	114.6	5
18.5	-81.7	4
18.5	-67.0	5
18.5	-66.9	2
18.5	-66.1	26
18.5	39.9	1
18.5	109.9	1
18.5	110.0	12
18.6	-90.3	4
18.6	-81.7	1
18.6	66.5	7
18.6	66.6	3
18.6	111.1	1
18.7	-104.4	4
18.7	66.4	5
18.7	108.9	3
18.7	109.9	3
18.8	-108.8	1
18.8	-104.7	3
18.8	-99.2	1
18.8	-97.1	1
18.8	-90.5	3
18.8	108.8	1
18.8	109.5	1
18.8	111.8	2
18.9	-155.3	9
18.9	-108.8	6
18.9	-104.9	7
18.9	-104.8	1
18.9	-104.5	7
18.9	-28.3	2
18.9	115.2	2
19.0	-158.0	1
19.0	-110.0	1
19.0	-99.2	5
19.0	-99.1	3
19.0	64.5	9
19.0	64.6	4
19.0	109.1	24
19.0	115.1	6
19.0	118.5	6
19.0	119.0	8
19.1	-99.2	4
19.1	-98.6	5
19.1	-89.3	2
19.1	-28.8	1
19.1	109.1	36
19.1	109.2	1
19.1	110.3	1
19.1	110.4	1
19.1	110.7	4
19.1	111.5	2
19.2	-97.9	10
19.2	-97.2	7
19.2	73.1	2
19.2	73.2	1
19.2	108.7	1
19.2	109.7	9
19.2	110.3	2
19.2	110.4	1
19.2	110.5	16
19.3	-102.4	1
19.3	-99.8	45
19.3	-99.2	4
19.3	-99.1	6
19.3	-98.6	2
19.3	72.7	2
19.3	72.8	2
19.3	73.0	2
19.3	73.1	2
19.3	85.8	1
19.3	108.7	1
19.3	109.6	2
19.3	111.0	3
19.3	114.8	6
19.4	-155.3	1
19.4	-99.1	109
19.4	-98.7	1
19.4	-92.0	4
19.4	-81.4	51
19.4	-29.4	8
19.4	78.5	40
19.4	85.1	1
19.4	101.0	1
19.4	118.0	3
19.4	153.1	10
19.5	72.8	3
19.5	85.1	2
19.5	85.2	1
19.5	108.1	5
19.5	108.2	11
19.5	108.3	9
19.5	108.4	11
19.5	108.5	5
19.5	108.6	1
19.5	108.7	1
19.5	108.8	1
19.5	108.9	1
19.5	109.6	24
19.5	110.8	1
19.6	-100.2	1
19.6	38.7	11
19.6	73.5	24
19.6	85.1	5
19.6	85.2	8
19.6	85.4	1
19.6	110.3	11
19.6	110.4	9
19.6	110.8	47
19.6	115.2	2
19.6	116.7	1
19.7	-156.1	15
19.7	-66.0	1
19.7	85.2	7
19.7	85.3	3
19.7	85.6	1
19.7	109.0	15
19.7	109.2	1
19.7	109.3	32
19.7	110.0	1
19.7	110.1	1
19.7	110.2	1
19.7	110.3	1
19.7	111.0	1
19.7	114.6	2
19.7	118.1	1
19.8	-155.3	2
19.8	-52.9	1
19.8	-34.8	1
19.8	85.3	4
19.8	85.4	6
19.8	85.5	1
19.8	109.7	6
19.8	115.9	5
19.9	-94.3	5
19.9	109.2	1
19.9	109.7	37
19.9	110.4	1
19.9	110.6	3
19.9	110.7	1
19.9	115.2	2
19.9	116.1	1
19.9	116.2	3
20.0	-99.3	1
20.0	-53.2	1
20.0	-18.2	1
20.0	73.8	21
20.0	76.5	2
20.0	99.2	9
20.0	110.0	12
20.0	110.1	90
20.0	110.2	98
20.0	110.3	90
20.0	110.4	65
20.0	110.5	30
20.0	110.6	9
20.0	115.2	2
20.0	119.0	14
20.1	-100.8	1
20.1	38.5	2
20.1	103.6	33
20.1	110.2	153
20.1	110.6	2
20.1	115.1	1
20.1	115.2	6
20.1	117.5	2
20.2	72.7	1
20.2	72.8	1
20.2	85.6	6
20.2	109.9	1
20.2	117.3	1
20.3	-107.0	1
20.3	-102.8	4
20.3	-102.6	1
20.3	-65.7	1
20.3	-53.5	1
20.3	38.5	6
20.3	85.8	2
20.3	86.7	5
20.3	110.4	1
20.3	114.3	1
20.3	114.9	2
20.3	115.1	1
20.3	117.0	1
20.3	118.4	1
20.4	-103.4	6
20.4	-103.3	24
20.4	-103.2	1
20.4	-103.1	3
20.4	-102.7	1
20.4	85.9	2
20.4	92.2	1
20.4	114.1	3
20.4	116.8	1
20.4	118.2	2
20.5	-106.5	3
20.5	-103.3	3
20.5	-103.2	5
20.5	-102.8	2
20.5	-102.6	1
20.5	-102.5	1
20.5	85.8	1
20.5	85.9	8
20.5	117.9	1
20.5	121.7	1
20.5	151.1	1
20.6	-103.4	1
20.6	-103.3	1
20.6	-103.1	3
20.6	-102.7	1
20.6	-102.5	1
20.6	-100.5	1
20.6	-53.8	1
20.6	79.0	5
20.6	96.9	6
20.6	113.8	2
20.6	114.2	2
20.6	117.7	2
20.6	118.5	6
20.7	-103.2	1
20.7	-102.9	1
20.7	-102.4	1
20.7	-102.3	1
20.7	-100.5	2
20.7	-65.8	1
20.7	-54.0	1
20.7	-21.2	1
20.7	58.7	14
20.7	86.9	9
20.7	87.0	2
20.7	117.4	2
20.7	122.7	1
20.8	-103.7	1
20.8	-103.4	1
20.8	-103.3	2
20.8	-102.7	1
20.8	-86.8	1
20.8	-79.0	2
20.8	-50.1	10
20.8	-41.0	1
20.8	58.6	14
20.8	63.5	13
20.8	63.6	4
20.8	86.9	2
20.8	109.9	1
20.8	117.2	1
20.8	144.7	1
20.9	-103.7	2
20.9	-103.4	1
20.9	-86.8	1
20.9	-79.0	1
20.9	-54.2	1
20.9	110.1	1
20.9	110.2	2
20.9	110.5	2
20.9	114.5	2
20.9	114.8	2
20.9	118.3	1
21.0	-110.0	1
21.0	-103.4	2
21.0	-54.3	1
21.0	68.0	1
21.0	79.0	2
21.0	79.3	5
21.0	105.9	1
21.0	109.0	72
21.0	109.7	1
21.0	110.2	30
21.0	115.5	1
21.0	118.0	1
21.0	119.5	12
21.0	121.3	1
21.0	127.0	2
21.0	130.2	4
21.1	-78.7	4
21.1	79.0	1
21.1	79.1	104
21.1	105.7	5
21.1	109.1	18
21.1	110.1	1
21.2	-104.1	1
21.2	-54.5	1
21.2	72.4	1
21.2	79.1	1
21.2	91.6	1
21.2	92.0	2
21.2	109.1	2
21.2	110.4	3
21.2	111.1	3
21.2	113.5	3
21.3	-157.8	5
21.3	-157.7	2
21.3	-54.7	1
21.3	92.1	1
21.3	110.6	3
21.3	117.4	1
21.4	-157.9	1
21.4	-157.8	45
21.4	-157.7	5
21.4	-27.7	1
21.4	38.1	3
21.4	92.0	4
21.4	105.6	1
21.4	108.2	2
21.4	109.2	11
21.4	110.8	3
21.4	113.2	1
21.4	113.5	3
21.5	-157.8	61
21.5	-105.5	1
21.5	-99.2	2
21.5	-54.8	1
21.5	39.2	70
21.5	39.3	8
21.5	73.0	1
21.5	87.0	1
21.5	108.0	10
21.5	108.1	2
21.5	108.3	10
21.5	109.2	1
21.5	109.5	3
21.5	109.7	1
21.5	109.8	6
21.5	109.9	3
21.5	113.1	1
21.5	113.3	2
21.5	113.9	1
21.5	114.1	1
21.5	114.6	2
21.6	-153.4	4
21.6	-55.0	1
21.6	69.9	3
21.6	79.4	2
21.6	100.7	1
21.6	101.6	12
21.6	107.8	14
21.6	107.9	14
21.6	108.0	8
21.6	108.2	30
21.6	108.3	5
21.6	108.7	1
21.6	109.0	4
21.6	109.1	7
21.6	109.7	34
21.6	111.8	4
21.6	113.1	2
21.6	113.2	1
21.6	113.3	2
21.6	113.4	1
21.6	113.6	2
21.6	113.9	1
21.6	114.1	3
21.6	114.4	1
21.7	-65.7	1
21.7	72.5	2
21.7	72.9	1
21.7	88.3	6
21.7	88.6	3
21.7	101.6	9
21.7	107.7	10
21.7	108.3	3
21.7	108.4	1
21.7	108.8	3
21.7	110.9	9
21.7	113.1	1
21.7	113.5	1
21.7	114.1	2
21.8	-105.9	6
21.8	88.6	3
21.8	97.3	1
21.8	97.4	11
21.8	97.5	9
21.8	97.6	11
21.8	97.7	9
21.8	97.8	11
21.8	97.9	8
21.8	101.2	3
21.8	107.7	4
21.8	108.8	1
21.8	109.8	1
21.8	112.0	5
21.8	113.1	1
21.8	113.2	2
21.8	113.8	1
21.8	114.0	9
21.9	-155.7	28
21.9	-93.4	4
21.9	-80.0	1
21.9	-55.2	2
21.9	38.3	4
21.9	101.2	2
21.9	101.3	11
21.9	108.5	4
21.9	108.6	3
21.9	110.3	2
21.9	112.0	2
21.9	113.1	2
21.9	113.2	2
21.9	113.4	2
21.9	113.5	1
21.9	113.6	14
21.9	113.7	3
21.9	113.9	2
21.9	114.1	1
21.9	120.8	3
22.0	-110.0	1
22.0	-93.4	5
22.0	88.4	1
22.0	100.1	2
22.0	100.8	12
22.0	101.2	1
22.0	110.0	8
22.0	112.0	3
22.0	113.5	1
22.0	113.7	6
22.0	113.9	1
22.0	114.0	11
22.0	114.1	1
22.0	114.4	2
22.0	114.9	1
22.0	119.0	4
22.0	119.3	10
22.0	121.6	3
22.1	-100.9	1
22.1	100.5	10
22.1	100.7	5
22.1	113.3	3
22.1	113.6	1
22.1	113.7	2
22.1	113.8	9
22.1	113.9	1
22.1	114.0	1
22.1	114.2	3
22.1	119.2	6
22.1	119.3	76
22.2	-26.6	4
22.2	37.6	6
22.2	37.8	17
22.2	39.0	43
22.2	73.0	1
22.2	75.9	12
22.2	76.1	1
22.2	88.8	3
22.2	112.6	4
22.2	113.1	9
22.2	113.3	12
22.2	113.4	3
22.2	113.5	9
22.2	113.6	6
22.2	113.8	1
22.2	114.0	15
22.2	114.1	1470
22.2	114.2	463
22.2	114.3	229
22.2	114.4	229
22.2	114.5	215
22.2	114.6	226
22.2	114.7	222
22.2	114.8	232
22.2	114.9	214
22.2	115.0	112
22.2	119.3	11
22.2	119.6	1
22.2	120.9	4
22.3	-63.6	5
22.3	-35.9	10
22.3	37.8	5
22.3	37.9	6
22.3	39.1	39
22.3	72.6	5
22.3	73.1	2
22.3	88.2	5
22.3	109.8	1
22.3	112.2	1
22.3	112.6	12
22.3	113.3	5
22.3	113.4	2
22.3	113.5	386
22.3	113.6	1
22.3	113.7	5
22.3	113.8	5
22.3	113.9	14
22.3	114.0	55
22.3	114.1	601
22.3	114.2	8399
22.3	114.3	70
22.3	114.4	6
22.4	-158.0	1
22.4	39.1	8
22.4	73.1	4
22.4	88.3	1
22.4	91.8	3
22.4	106.7	1
22.4	110.2	1
22.4	112.1	19
22.4	112.4	1
22.4	112.9	14
22.4	113.3	7
22.4	113.5	2
22.4	113.6	88
22.4	113.7	8
22.4	113.9	8
22.4	114.0	138
22.4	114.1	25
22.4	114.2	1875
22.4	114.3	5
22.4	114.4	3
22.4	114.8	1
22.4	115.3	1
22.4	119.3	2
22.5	-100.7	1
22.5	69.2	1
22.5	70.9	1
22.5	73.0	8
22.5	73.1	2
22.5	88.3	8
22.5	88.4	10
22.5	88.8	2
22.5	101.1	4
22.5	108.2	6
22.5	108.3	3
22.5	109.8	1
22.5	111.5	9
22.5	111.6	11
22.5	111.7	9
22.5	111.8	11
22.5	111.9	9
22.5	112.0	11
22.5	112.1	9
22.5	112.2	11
22.5	112.3	9
22.5	112.4	12
22.5	112.5	9
22.5	112.6	11
22.5	112.7	9
22.5	112.8	14
22.5	112.9	22
22.5	113.0	18
22.5	113.1	9
22.5	113.2	13
22.5	113.3	24
22.5	113.4	13
22.5	113.5	63
22.5	113.6	9
22.5	113.7	13
22.5	113.8	3
22.5	113.9	19
22.5	114.0	152
22.5	114.1	252
22.5	114.2	14
22.5	114.3	1
22.5	114.4	6
22.5	114.6	1
22.5	116.4	4
22.5	153.2	4
22.6	-37.7	1
22.6	-27.2	1
22.6	58.3	1
22.6	71.0	2
22.6	72.9	14
22.6	74.5	4
22.6	78.4	3
22.6	88.3	1
22.6	88.4	69
22.6	108.2	1
22.6	110.0	1
22.6	113.0	15
22.6	113.1	5
22.6	113.3	18
22.6	113.4	8
22.6	113.6	6
22.6	113.7	27
22.6	113.8	4
22.6	113.9	66
22.6	114.0	18
22.6	114.1	110
22.6	114.2	1
22.6	114.3	123
22.6	114.5	66
22.6	114.7	1
22.6	121.5	3
22.6	153.2	5
22.7	-158.1	1
22.7	-158.0	2
22.7	70.0	4
22.7	70.9	1
22.7	81.7	1
22.7	81.8	1
22.7	108.5	2
22.7	112.9	2
22.7	113.0	10
22.7	113.1	7
22.7	113.3	37
22.7	113.4	15
22.7	113.5	1
22.7	113.6	5
22.7	113.7	12
22.7	113.8	8
22.7	114.5	13
22.7	114.6	1
22.7	114.7	1
22.7	115.6	18
22.7	119.2	3
22.7	120.4	2
22.7	153.2	2
22.7	153.3	4
22.8	-158.1	2
22.8	-158.0	199
22.8	-157.9	3
22.8	-83.0	6
22.8	-46.1	1
22.8	-46.0	3
22.8	73.6	2
22.8	77.7	1
22.8	104.0	1
22.8	108.3	602
22.8	108.4	20
22.8	108.5	9
22.8	108.6	11
22.8	108.7	3
22.8	113.1	15
22.8	113.3	12
22.8	113.4	7
22.8	113.5	7
22.8	113.6	7
22.8	113.8	15
22.8	114.8	30
22.8	115.2	4
22.8	115.3	3
22.8	115.4	1
22.8	115.6	1
22.8	153.4	2
22.9	-109.8	3
22.9	58.4	2
22.9	58.7	12
22.9	91.1	2
22.9	104.5	3
22.9	108.3	1
22.9	108.4	3
22.9	108.5	1
22.9	109.7	1
22.9	110.6	1
22.9	113.1	8
22.9	113.2	7
22.9	113.3	5
22.9	113.5	15
22.9	113.6	4
22.9	113.8	9
22.9	113.9	6
22.9	115.6	3
22.9	115.7	3
22.9	116.2	1
23.0	87.9	2
23.0	106.6	1
23.0	107.0	5
23.0	107.1	9
23.0	107.2	1
23.0	108.0	28
23.0	108.4	2
23.0	108.6	1
23.0	109.0	4
23.0	112.2	1
23.0	113.0	119
23.0	113.1	79
23.0	113.2	15
23.0	113.4	22
23.0	113.5	12
23.0	113.6	9
23.0	113.9	14
23.0	114.0	585
23.0	115.0	1
23.0	116.0	7
23.0	117.0	1
23.0	118.0	1
23.0	119.0	1
23.0	120.0	1
23.0	120.2	1
23.0	121.0	1
23.0	121.2	7
23.1	72.4	5
23.1	79.8	1
23.1	88.5	3
23.1	100.2	6
23.1	101.0	1
23.1	102.7	1
23.1	104.6	2
23.1	109.6	3
23.1	112.3	15
23.1	112.7	1
23.1	112.8	1
23.1	113.1	253
23.1	113.2	85
23.1	113.3	1870
23.1	113.4	282
23.1	113.5	13
23.1	113.6	20
23.1	113.7	1
23.1	113.8	65
23.1	113.9	9
23.1	114.1	1
23.1	114.4	2
23.1	116.0	1
23.2	73.2	1
23.2	77.4	17
23.2	88.4	1
23.2	90.4	387
23.2	91.1	8
23.2	102.4	1
23.2	104.1	6
23.2	108.1	2
23.2	109.8	1
23.2	110.6	3
23.2	112.8	4
23.2	113.1	14
23.2	113.2	67
23.2	113.3	67
23.2	113.4	66
23.2	113.5	30
23.2	113.6	20
23.2	113.7	15
23.2	113.8	11
23.2	113.9	9
23.2	114.0	5
23.2	114.6	1
23.2	114.8	39
23.2	116.6	3
23.2	120.3	1
23.3	77.4	105
23.3	86.2	1
23.3	102.4	5
23.3	102.5	9
23.3	102.6	11
23.3	102.7	9
23.3	102.8	2
23.3	104.2	3
23.3	105.9	1
23.3	107.5	1
23.3	110.1	1
23.3	113.7	40
23.3	115.6	1
23.3	116.4	120
23.3	116.5	9
23.3	116.6	1
23.3	116.7	11
23.3	116.8	2
23.4	-109.4	2
23.4	-56.8	1
23.4	-45.0	4
23.4	-37.5	1
23.4	37.2	8
23.4	37.3	6
23.4	53.8	216
23.4	83.4	2
23.4	86.0	1
23.4	86.1	1
23.4	88.2	1
23.4	88.3	1
23.4	91.2	2
23.4	102.2	26
23.4	102.3	44
23.4	103.3	1
23.4	107.6	118
23.4	111.5	9
23.4	112.9	1
23.4	113.1	497
23.4	113.4	4
23.4	113.5	9
23.4	113.6	11
23.4	113.7	6
23.4	114.6	1
23.4	114.9	1
23.4	116.0	2
23.4	116.1	1
23.4	116.5	1
23.4	116.6	2
23.4	116.7	92
23.4	116.8	3
23.5	-57.1	1
23.5	84.3	1
23.5	90.2	1
23.5	90.3	1
23.5	99.0	1
23.5	102.2	4
23.5	103.4	12
23.5	104.0	1
23.5	110.7	3
23.5	112.5	9
23.5	113.5	1
23.5	113.8	1
23.5	116.2	1
23.5	116.4	5
23.5	116.5	2
23.5	116.8	4
23.5	116.9	45
23.5	148.6	1
23.6	-48.1	1
23.6	89.8	6
23.6	102.0	1
23.6	102.9	1
23.6	103.9	4
23.6	104.3	4
23.6	106.6	1
23.6	106.7	1
23.6	113.6	8
23.6	116.3	2
23.6	116.4	2
23.6	116.9	4
23.6	117.2	1
23.6	117.3	2
23.7	-65.4	3
23.7	-65.1	3
23.7	83.7	4
23.7	90.3	2
23.7	90.4	450
23.7	90.5	1
23.7	105.1	1
23.7	109.2	3
23.7	113.0	9
23.7	113.2	231
23.7	116.2	1
23.7	117.0	3
23.7	117.5	1
23.7	121.0	50
23.8	-76.2	1
23.8	-57.4	1
23.8	90.3	80
23.8	90.4	3196
23.8	90.5	935
23.8	90.6	2
23.8	90.7	2
23.8	91.3	3
23.8	103.6	3
23.8	104.1	3
23.8	109.1	4
23.8	109.2	5
23.8	113.2	8
23.8	114.1	3
23.8	117.5	12
23.9	-108.9	1
23.9	87.4	1
23.9	90.4	127
23.9	91.3	3
23.9	101.6	4
23.9	103.5	3
23.9	106.6	4
23.9	112.2	9
23.9	116.9	1
23.9	117.4	4
23.9	148.8	2
24.0	-108.9	11
24.0	-74.5	3
24.0	-58.2	1
24.0	-57.5	1
24.0	-22.0	7
24.0	87.3	2
24.0	90.5	1
24.0	90.8	1
24.0	101.6	3
24.0	102.0	40
24.0	111.3	1
24.0	117.4	4
24.0	118.0	10
24.1	-110.3	2
24.1	-109.8	3
24.1	-74.5	8
24.1	-57.7	1
24.1	-40.2	7
24.1	53.4	10
24.1	90.2	1
24.1	102.7	2
24.1	102.8	2
24.1	109.1	2
24.1	110.6	1
24.1	115.7	1
24.1	120.4	24
24.2	54.6	3
24.2	85.6	2
24.2	88.3	1
24.2	101.4	4
24.2	102.7	2
24.2	102.8	8
24.2	109.4	4
24.3	54.1	5
24.3	87.6	1
24.3	89.9	1
24.3	102.2	3
24.3	109.4	5
24.3	117.2	4
24.3	117.3	1
24.3	118.1	1
24.3	123.7	8
24.3	123.9	1
24.4	-157.9	1
24.4	-81.9	2
24.4	-58.0	1
24.4	53.2	3
24.4	54.2	2
24.4	93.4	1
24.4	93.6	1
24.4	100.7	116
24.4	102.4	1
24.4	102.8	2
24.4	103.4	1
24.4	106.1	10
24.4	111.5	1
24.4	111.6	1
24.4	113.1	1
24.4	113.3	8
24.4	113.4	10
24.4	114.2	24
24.4	115.8	7
24.4	117.3	4
24.4	117.4	153
24.4	117.9	1
24.4	118.0	6
24.4	123.9	1
24.5	-82.2	2
24.5	-82.1	2
24.5	-81.9	2
24.5	-81.8	3
24.5	-81.7	1
24.5	-81.6	1
24.5	-81.5	2
24.5	-81.4	1
24.5	-34.6	1
24.5	54.3	1
24.5	87.6	1
24.5	94.5	1
24.5	100.8	1
24.5	101.0	3
24.5	101.2	1
24.5	102.5	8
24.5	102.8	32
24.5	102.9	6
24.5	107.4	1
24.5	113.4	24
24.5	113.6	6
24.5	117.4	9
24.5	117.6	4
24.5	117.7	2
24.5	117.8	8
24.5	117.9	2
24.5	118.0	13
24.5	118.1	12
24.5	118.2	2
24.5	124.1	2
24.6	-158.5	1
24.6	-82.9	1
24.6	-81.8	7
24.6	-81.6	2
24.6	-81.5	6
24.6	-81.4	3
24.6	-81.2	2
24.6	-81.1	2
24.6	98.4	2
24.6	102.9	7
24.6	104.5	5
24.6	113.5	4
24.6	113.6	11
24.6	113.7	3
24.6	117.5	7
24.6	117.7	3
24.6	117.8	2
24.6	118.0	2
24.6	118.1	9
24.6	118.2	3
24.6	118.9	9
24.7	-158.7	13
24.7	-82.9	9
24.7	-82.8	4
24.7	-81.5	4
24.7	-81.2	4
24.7	-81.1	3
24.7	-81.0	2
24.7	-76.8	2
24.7	-67.1	5
24.7	-58.3	1
24.7	36.3	1
24.7	102.9	3
24.7	103.3	1
24.7	103.5	1
24.7	103.6	1
24.7	108.0	1
24.7	113.6	87
24.7	113.7	2
24.7	117.6	4
24.7	117.8	1
24.7	118.0	156
24.7	118.2	3
24.7	118.4	1
24.7	118.6	1
24.8	46.9	39
24.8	90.3	12
24.8	90.4	4
24.8	99.6	1
24.8	103.1	3
24.8	103.4	1
24.8	103.7	1
24.8	104.2	4
24.8	110.7	1
24.8	113.6	40
24.8	117.6	3
24.8	118.2	12
24.8	118.6	1
24.8	122.0	14
24.8	122.7	4
24.9	-157.5	1
24.9	-80.6	4
24.9	-58.5	1
24.9	67.1	2
24.9	74.6	6
24.9	89.2	2
24.9	89.9	8
24.9	98.3	6
24.9	98.4	2
24.9	102.7	1
24.9	102.8	140
24.9	102.9	1
24.9	114.1	1
24.9	117.5	1
24.9	118.1	3
24.9	118.5	1
25.0	-157.3	5
25.0	-81.3	6
25.0	-80.4	4
25.0	-58.7	1
25.0	98.4	33
25.0	102.0	21
25.0	102.4	9
25.0	102.6	1
25.0	102.7	88
25.0	105.8	1
25.0	107.5	1
25.0	108.5	1
25.0	109.1	50
25.0	109.2	98
25.0	109.5	1
25.0	110.0	2
25.0	110.3	3
25.0	112.6	1
25.0	112.9	2
25.0	113.0	1
25.0	117.5	2
25.0	118.0	8
25.0	118.2	1
25.0	118.5	1
25.0	119.0	3
25.0	121.5	418
25.0	122.4	1
25.0	160.0	4
25.1	-80.3	2
25.1	-58.9	1
25.1	85.9	20
25.1	92.0	1
25.1	98.8	1
25.1	101.7	1
25.1	102.1	20
25.1	102.4	12
25.1	102.6	2
25.1	102.7	9
25.1	102.8	22
25.1	102.9	9
25.1	103.0	5
25.1	110.1	3
25.1	110.2	1
25.1	110.3	4
25.1	113.4	1
25.1	117.0	6
25.1	118.2	1
25.1	121.6	101
25.1	121.8	9
25.1	121.9	14
25.1	124.5	6
25.2	-159.3	1
25.2	-80.2	2
25.2	-59.1	1
25.2	-26.0	1
25.2	55.4	1
25.2	55.5	1
25.2	83.3	18
25.2	102.8	29
25.2	109.4	1
25.2	110.1	1
25.2	110.3	1
25.2	111.2	4
25.2	117.1	4
25.2	117.5	3
25.2	119.1	1
25.2	121.8	3
25.3	-90.1	10
25.3	-80.2	4
25.3	-59.2	1
25.3	-35.9	1
25.3	37.0	1
25.3	83.0	1
25.3	91.5	1
25.3	100.5	1
25.3	102.5	1
25.3	110.3	13
25.3	112.5	1
25.3	117.1	4
25.3	117.2	3
25.3	117.3	3
25.3	118.3	1
25.4	-159.4	1
25.4	-80.2	2
25.4	68.4	1
25.4	81.9	1
25.4	98.4	2
25.4	98.5	28
25.4	100.2	1
25.4	100.4	6
25.4	105.2	3
25.4	105.6	1
25.4	107.9	1
25.4	111.8	39
25.4	114.4	3
25.4	119.1	1
25.5	-88.4	3
25.5	36.6	6
25.5	81.9	3
25.5	100.3	5
25.5	103.2	35
25.5	103.4	3
25.5	103.8	2
25.5	107.8	1
25.5	112.8	1
25.5	113.2	1
25.5	119.6	1
25.5	119.8	2
25.5	119.9	1
25.6	-88.5	2
25.6	-88.4	3
25.6	91.9	3
25.6	99.6	45
25.6	100.2	16
25.6	100.3	6
25.6	105.4	6
25.6	107.9	1
25.6	112.4	3
25.6	113.0	6
25.6	114.3	8
25.6	114.4	1
25.6	119.8	2
25.7	-159.4	1
25.7	-100.2	56
25.7	-65.1	1
25.7	84.3	2
25.7	85.2	3
25.7	100.2	20
25.7	100.4	1
25.7	104.3	1
25.8	-95.0	1
25.8	-80.5	8
25.8	-80.2	73
25.8	84.0	1
25.8	99.1	1
25.8	100.1	202
25.8	100.6	1
25.8	103.6	21
25.8	107.2	4
25.8	110.1	1
25.8	113.0	2
25.8	114.9	1
25.8	117.5	9
25.9	-158.3	1
25.9	-97.5	326
25.9	-94.7	3
25.9	98.8	1
25.9	100.2	2
25.9	107.1	1
25.9	113.0	4
25.9	117.4	1
25.9	118.8	1
26.0	-92.4	5
26.0	-80.1	2
26.0	-17.5	1
26.0	98.4	1
26.0	98.6	13
26.0	100.6	1
26.0	102.0	31
26.0	103.1	3
26.0	103.5	4
26.0	106.4	4
26.0	115.0	18
26.0	117.4	1
26.0	119.0	12
26.0	119.2	6
26.0	119.7	3
26.1	-97.5	7
26.1	-80.2	47
26.1	-80.1	2
26.1	-44.8	15
26.1	-35.2	1
26.1	91.4	2
26.1	109.7	18
26.1	113.1	5
26.1	113.2	2
26.1	119.1	6
26.1	119.2	26
26.1	119.3	65
26.1	119.7	2
26.1	127.7	5
26.2	-158.5	1
26.2	-158.2	1
26.2	-98.0	2
26.2	-81.8	3
26.2	-80.1	1
26.2	-25.5	1
26.2	50.6	2
26.2	78.2	6
26.2	80.2	2
26.2	80.3	1
26.2	91.8	1
26.2	92.9	2
26.2	104.1	1
26.2	105.5	4
26.2	105.6	6
26.2	105.9	1
26.2	106.4	3
26.2	106.8	10
26.2	107.5	1
26.2	113.2	1
26.2	115.3	6
26.2	119.1	2
26.2	119.3	3
26.2	119.4	11
26.2	119.5	21
26.2	119.6	9
26.3	-159.0	1
26.3	-83.7	2
26.3	-61.1	1
26.3	80.3	1
26.3	94.2	1
26.3	105.5	1
26.3	106.1	3
26.3	106.2	6
26.3	106.4	6
26.3	107.1	10
26.3	107.4	1
26.3	107.6	6
26.3	107.7	3
26.3	113.2	12
26.3	115.3	9
26.4	-158.5	1
26.4	-81.6	5
26.4	-61.4	1
26.4	70.4	10
26.4	80.4	1
26.4	87.6	1
26.4	105.7	1
26.4	105.8	5
26.4	106.3	4
26.4	106.4	1
26.4	106.5	4
26.4	106.6	45
26.4	111.8	6
26.4	117.8	9
26.4	121.3	1
26.4	122.0	1
26.5	-158.4	15
26.5	-158.3	1
26.5	-81.8	2
26.5	80.3	1
26.5	80.4	1
26.5	81.2	1
26.5	90.3	2
26.5	90.6	1
26.5	99.4	1
26.5	100.1	36
26.5	100.2	6
26.5	101.8	1
26.5	106.6	39
26.5	106.7	10
26.5	106.8	1
26.5	107.4	19
26.5	107.8	1
26.5	119.8	1
26.5	127.9	3
26.5	128.2	1
26.6	-61.8	1
26.6	80.3	3
26.6	94.2	1
26.6	100.8	1
26.6	101.7	2
26.6	106.6	31
26.6	106.7	8
26.6	106.8	9
26.6	108.0	10
26.6	112.6	3
26.6	113.4	24
26.6	114.2	1
26.6	127.9	7
26.7	-81.7	3
26.7	-80.8	7
26.7	-80.6	18
26.7	-62.0	1
26.7	88.4	2
26.7	94.2	1
26.7	106.3	20
26.7	106.6	2
26.7	109.2	1
26.7	127.9	5
26.8	-102.0	18
26.8	-81.1	4
26.8	-80.9	7
26.8	-80.8	2
26.8	-80.7	1
26.8	-62.2	1
26.8	30.8	1
26.8	94.5	1
26.8	100.3	1
26.8	100.7	2
26.8	104.2	21
26.8	104.3	7
26.8	106.1	3
26.8	106.6	21
26.8	106.9	6
26.8	109.6	9
26.8	114.9	12
26.8	120.0	3
26.8	120.1	1
26.8	128.2	1
26.9	-102.0	11
26.9	-80.8	5
26.9	-80.6	4
26.9	-32.9	8
26.9	-32.8	20
26.9	75.2	1
26.9	80.9	1
26.9	98.9	1
26.9	100.0	2
26.9	100.1	1
26.9	100.2	13
26.9	104.2	8
26.9	105.8	1
26.9	105.9	1
26.9	106.4	1
26.9	111.9	3
26.9	112.6	6
26.9	112.7	1
26.9	119.4	1
26.9	123.1	1
27.0	-111.4	43
27.0	-111.2	4
27.0	-110.6	9
27.0	-95.0	5
27.0	-81.0	4
27.0	-80.9	8
27.0	-80.7	6
27.0	-80.6	5
27.0	-62.6	1
27.0	75.8	1
27.0	94.6	1
27.0	100.2	3
27.0	106.0	1
27.0	106.1	1
27.0	106.4	3
27.0	106.8	1
27.0	107.0	5
27.0	108.9	1
27.0	110.6	1
27.0	112.6	6
27.0	112.7	2
27.0	119.4	11
27.0	119.5	3
27.0	120.2	1
27.0	120.6	1
27.0	121.0	1
27.0	125.0	1
27.0	142.2	3
27.1	-80.8	10
27.1	-80.3	3
27.1	34.8	3
27.1	88.2	1
27.1	88.5	1
27.1	105.6	3
27.1	106.5	1
27.1	107.0	3
27.1	110.0	1
27.1	115.0	7
27.1	115.1	1
27.1	122.4	1
27.1	142.2	5
27.2	-109.6	4
27.2	-80.8	2
27.2	-80.2	1
27.2	-63.0	1
27.2	34.8	1
27.2	35.0	1
27.2	76.0	1
27.2	78.0	5
27.2	80.8	1
27.2	88.2	2
27.2	88.4	2
27.2	88.6	1
27.2	93.7	1
27.2	106.6	4
27.2	106.7	1
27.2	106.8	1
27.2	114.7	2
27.2	115.1	1
27.2	118.5	13
27.3	-111.3	1
27.3	-83.2	4
27.3	-63.2	1
27.3	88.3	1
27.3	88.6	4
27.3	95.3	1
27.3	106.7	1
27.3	106.8	1
27.3	108.4	6
27.3	109.9	1
27.4	-111.4	9
27.4	-92.0	8
27.4	-63.4	1
27.4	74.0	2
27.4	74.9	1
27.4	80.5	1
27.4	95.3	1
27.4	95.6	1
27.4	99.2	2
27.4	102.2	1
27.4	103.4	4
27.4	105.9	12
27.4	107.6	1
27.4	109.9	8
27.4	111.3	30
27.4	111.4	7
27.4	111.8	40
27.4	112.0	1
27.4	121.5	2
27.5	-111.7	2
27.5	-111.5	1
27.5	-99.4	1
27.5	-97.3	12
27.5	-63.6	1
27.5	34.3	6
27.5	88.5	2
27.5	94.6	4
27.5	95.4	1
27.5	106.5	1
27.5	108.3	3
27.5	109.2	6
27.5	109.9	9
27.5	111.3	5
27.5	114.6	1
27.5	121.5	1
27.5	122.7	1
27.5	123.5	1
27.5	127.0	3
27.6	-111.9	3
27.6	-111.7	3
27.6	-97.3	27
27.6	-63.8	1
27.6	-49.6	8
27.6	-18.0	1
27.6	91.9	1
27.6	93.4	2
27.6	93.8	1
27.6	94.4	1
27.6	99.3	5
27.6	109.2	14
27.6	109.4	6
27.6	109.9	1
27.6	110.0	1
27.6	111.7	9
27.6	113.8	36
27.6	114.0	1
27.6	114.6	9
27.6	115.4	24
27.6	121.5	1
27.6	126.9	1
27.7	-154.9	2
27.7	-91.3	10
27.7	-91.2	2
27.7	-64.8	1
27.7	-63.9	2
27.7	85.3	3
27.7	98.3	5
27.7	100.8	1
27.7	100.9	1
27.7	106.9	3
27.7	108.1	1
27.7	109.2	1
27.7	109.4	1
27.7	112.0	1
27.7	113.1	1
27.7	113.5	1
27.7	113.8	1
27.7	118.0	12
27.7	118.1	2
27.7	121.5	1
27.8	-97.6	2
27.8	-91.5	8
27.8	86.8	4
27.8	88.7	1
27.8	98.6	1
27.8	99.7	21
27.8	106.4	45
27.8	108.2	1
27.8	113.2	3
27.8	114.4	1
27.8	114.8	16
27.8	114.9	1
27.8	115.1	1
27.8	118.0	3
27.8	120.6	1
27.8	121.5	1
27.8	126.9	14
27.9	-97.0	55
27.9	-82.8	9
27.9	86.8	12
27.9	86.9	12
27.9	102.3	47
27.9	102.5	1
27.9	106.4	5
27.9	108.4	1
27.9	112.8	1
27.9	112.9	10
27.9	113.0	2
27.9	113.1	1
27.9	115.1	1
27.9	115.2	20
27.9	121.0	7
27.9	121.5	1
27.9	123.4	1
28.0	-82.8	25
28.0	-82.5	139
28.0	-81.4	9
28.0	-36.0	1
28.0	-33.7	1
28.0	73.4	16
28.0	86.8	6
28.0	86.9	2
28.0	105.0	3
28.0	113.0	85
28.0	116.0	12
28.0	116.3	1
28.0	120.3	7
28.0	120.6	6
28.0	120.7	24
28.0	120.9	4
28.0	121.0	10
28.0	125.8	1
28.0	126.5	1
28.0	177.3	1
28.1	-89.7	2
28.1	-89.1	23
28.1	-82.4	42
28.1	-81.8	12
28.1	-81.4	16
28.1	-67.5	5
28.1	91.5	2
28.1	95.3	1
28.1	112.1	6
28.1	112.2	11
28.1	112.3	3
28.1	112.4	1
28.1	112.6	104
28.1	112.7	9
28.1	112.8	18
28.1	112.9	1
28.1	113.0	10
28.1	113.1	48
28.1	115.0	1
28.1	115.3	20
28.1	116.3	1
28.1	116.4	10
28.1	119.6	2
28.1	121.0	3
28.1	121.2	2
28.1	121.3	2
28.2	-89.8	1
28.2	77.3	1
28.2	85.6	13
28.2	85.7	4
28.2	86.6	4
28.2	103.7	2
28.2	111.3	1
28.2	112.1	2
28.2	112.3	3
28.2	112.4	11
28.2	112.5	8
28.2	112.6	7
28.2	112.7	3
28.2	112.9	41
28.2	113.0	171
28.2	113.2	3
28.2	113.3	73
28.2	113.4	11
28.2	113.5	12
28.2	113.6	12
28.2	113.7	5
28.2	116.3	8
28.2	116.4	11
28.2	116.5	5
28.2	116.6	24
28.2	116.9	13
28.2	117.0	7
28.2	117.8	2
28.2	121.1	1
28.2	122.4	1
28.3	90.2	6
28.3	99.9	27
28.3	108.6	1
28.3	116.4	24
28.3	116.9	18
28.3	117.1	1
28.3	121.2	2
28.3	121.5	1
28.4	-81.3	28
28.4	-80.6	11
28.4	77.1	1
28.4	77.3	9
28.4	79.4	1
28.4	106.8	1
28.4	108.1	1
28.4	108.2	2
28.4	108.3	2
28.4	108.9	2
28.4	111.6	2
28.4	112.8	1
28.4	116.9	1
28.4	118.0	1
28.4	119.9	3
28.4	122.2	1
28.4	124.3	1
28.5	-81.4	141
28.5	-80.5	1
28.5	-16.3	1
28.5	77.2	1
28.5	83.6	2
28.5	105.3	83
28.5	108.3	1
28.5	108.4	4
28.5	113.5	9
28.5	113.6	1
28.5	115.5	4
28.5	115.9	1
28.5	119.9	11
28.5	121.3	25
28.5	121.4	8
28.5	126.0	1
28.6	-91.2	1
28.6	-89.6	3
28.6	-24.4	1
28.6	48.4	2
28.6	77.2	236
28.6	77.3	5
28.6	77.4	2
28.6	84.0	4
28.6	101.2	3
28.6	104.2	2
28.6	104.4	2
28.6	108.5	3
28.6	108.9	1
28.6	109.6	1
28.6	112.4	1
28.6	113.4	88
28.6	115.8	25
28.6	117.4	24
28.6	121.2	6
28.6	122.3	1
28.6	125.0	1
28.7	-91.2	1
28.7	-90.8	1
28.7	-88.4	27
28.7	-66.0	1
28.7	-23.4	2
28.7	48.4	1
28.7	48.6	1
28.7	77.1	46
28.7	77.2	2
28.7	111.3	1
28.7	113.6	75
28.7	115.8	601
28.7	115.9	2
28.7	116.9	1
28.7	119.6	2
28.7	121.4	36
28.8	-92.3	1
28.8	-90.8	1
28.8	-90.7	1
28.8	-66.3	1
28.8	-33.0	1
28.8	34.8	3
28.8	48.4	1
28.8	48.8	1
28.8	77.1	24
28.8	84.0	4
28.8	104.6	3
28.8	104.7	3
28.8	108.7	1
28.8	111.3	1
28.8	112.3	1
28.8	115.7	2
28.8	115.8	2
28.8	115.9	5
28.8	116.0	1
28.8	116.1	3
28.9	-91.4	2
28.9	-91.2	1
28.9	-90.7	1
28.9	-81.6	26
28.9	-66.5	1
28.9	48.2	3
28.9	48.3	1
28.9	76.6	2
28.9	90.2	10
28.9	91.9	6
28.9	102.2	9
28.9	104.6	1
28.9	105.4	30
28.9	105.5	15
28.9	105.6	2
28.9	113.1	1
28.9	115.8	1
28.9	116.1	2
28.9	116.2	4
28.9	117.2	1
28.9	118.9	1
28.9	121.0	3
29.0	-96.7	12
29.0	-94.0	4
29.0	-90.8	1
29.0	-66.7	1
29.0	48.2	1
29.0	104.0	5
29.0	105.8	2
29.0	113.3	1
29.0	115.0	20
29.0	115.5	6
29.0	117.7	5
29.0	118.9	1
29.0	119.0	2
29.0	120.0	20
29.0	120.4	3
29.0	120.5	4
29.0	124.9	1
29.0	125.5	1
29.0	126.8	1
29.1	-93.0	1
29.1	-92.2	7
29.1	-90.8	1
29.1	-90.7	1
29.1	-66.9	1
29.1	48.1	4
29.1	90.4	4
29.1	112.3	1
29.1	113.1	3
29.1	117.9	36
29.1	118.1	3
29.1	118.2	40
29.1	119.0	3
29.1	119.6	26
29.1	121.3	2
29.1	121.6	2
29.1	123.4	1
29.2	-96.9	12
29.2	-93.9	2
29.2	-90.7	7
29.2	-67.0	1
29.2	-43.2	53
29.2	48.1	2
29.2	88.5	1
29.2	90.6	1
29.2	96.9	1
29.2	98.6	4
29.2	110.0	49
29.2	113.1	56
29.2	114.3	27
29.2	119.3	45
29.2	119.4	7
29.2	119.5	9
29.2	119.6	11
29.2	119.7	9
29.2	119.8	11
29.2	119.9	3
29.2	122.0	1
29.2	122.1	6
29.2	122.2	11
29.2	122.3	7
29.2	122.4	9
29.2	122.5	5
29.2	142.8	10
29.3	-94.9	4
29.3	-94.8	4
29.3	-94.7	4
29.3	-92.8	3
29.3	-67.3	1
29.3	47.9	1
29.3	48.1	4
29.3	76.3	5
29.3	88.5	4
29.3	89.4	1
29.3	90.7	2
29.3	91.5	1
29.3	96.9	1
29.3	106.6	1
29.3	107.8	1
29.3	112.5	9
29.3	112.6	11
29.3	113.1	3
29.3	115.8	1
29.3	119.3	1
29.3	119.5	1
29.3	121.3	2
29.3	143.8	4
29.4	-98.6	3
29.4	-97.0	12
29.4	-96.9	12
29.4	-95.6	1
29.4	-94.9	2
29.4	-94.8	10
29.4	-89.9	7
29.4	-67.4	1
29.4	47.8	1
29.4	47.9	3
29.4	48.0	5
29.4	48.1	1
29.4	48.3	2
29.4	90.9	2
29.4	91.1	10
29.4	91.2	1
29.4	96.8	7
29.4	100.1	1
29.4	105.6	21
29.4	106.3	225
29.4	106.5	9
29.4	106.6	1
29.4	110.6	5
29.4	113.0	2
29.4	113.1	1
29.4	113.2	3
29.4	116.0	1
29.4	118.6	1
29.4	119.1	9
29.4	121.0	2
29.4	121.8	12
29.4	122.5	1
29.4	123.7	1
29.5	-102.9	104
29.5	-94.9	4
29.5	-89.9	33
29.5	-89.8	3
29.5	-23.9	1
29.5	34.9	19
29.5	48.2	1
29.5	52.6	1
29.5	79.1	1
29.5	91.6	1
29.5	103.4	1
29.5	103.6	1
29.5	105.4	2
29.5	106.2	18
29.5	106.3	12
29.5	106.4	1
29.5	106.5	6
29.5	107.1	2
29.5	107.8	1
29.5	109.4	18
29.5	109.5	12
29.5	112.8	2
29.5	113.2	1
29.5	118.2	1
29.5	119.9	1
29.5	120.4	1
29.5	121.0	1
29.5	125.0	1
29.6	-100.4	3
29.6	-95.7	14
29.6	-95.0	4
29.6	-94.9	4
29.6	-91.5	7
29.6	-88.9	2
29.6	-82.4	17
29.6	-82.3	44
29.6	-79.5	2
29.6	-67.6	1
29.6	35.0	2
29.6	79.6	3
29.6	88.9	1
29.6	91.0	1
29.6	91.1	59
29.6	91.2	1
29.6	91.7	1
29.6	92.0	1
29.6	92.1	1
29.6	92.9	1
29.6	102.1	3
29.6	103.6	2
29.6	103.7	1
29.6	103.8	1
29.6	104.1	2
29.6	106.5	5
29.6	106.6	18
29.6	107.5	1
29.6	107.6	2
29.6	111.0	6
29.6	111.6	4
29.6	115.9	2
29.6	121.4	2
29.6	122.4	1
29.6	125.1	1
29.6	125.5	1
29.7	-101.3	3
29.7	-100.1	3
29.7	-98.1	27
29.7	-95.6	1
29.7	-95.5	1
29.7	-95.4	451
29.7	-95.3	28
29.7	-95.0	2
29.7	-94.8	2
29.7	-90.6	1
29.7	-82.4	1
29.7	-82.3	61
29.7	-82.0	32
29.7	-81.9	3
29.7	-64.5	1
29.7	77.0	1
29.7	77.1	1
29.7	88.9	1
29.7	89.6	1
29.7	91.1	3
29.7	91.2	9
29.7	91.3	4
29.7	91.4	1
29.7	91.7	1
29.7	92.4	1
29.7	93.8	1
29.7	107.4	1
29.7	107.6	1
29.7	111.1	3
29.7	113.3	3
29.7	115.1	4
29.7	115.5	1
29.7	115.8	5
29.7	115.9	10
29.7	116.0	9
29.7	118.3	3
29.7	119.1	2
29.7	120.9	5
29.7	121.2	2
29.8	-100.4	3
29.8	-100.1	6
29.8	-99.8	3
29.8	-99.6	2
29.8	-95.7	2
29.8	-95.5	3
29.8	-95.4	626
29.8	-95.3	13
29.8	-94.0	2
29.8	-93.3	7
29.8	-79.7	2
29.8	-79.6	2
29.8	-67.7	1
29.8	35.0	3
29.8	76.6	1
29.8	91.5	2
29.8	91.6	1
29.8	102.9	1
29.8	106.4	17
29.8	115.4	6
29.8	118.3	1
29.8	121.5	2
29.8	122.0	14
29.9	-100.9	3
29.9	-98.2	2
29.9	-97.9	7
29.9	-89.7	7
29.9	-79.7	2
29.9	-79.6	1
29.9	-67.9	1
29.9	35.0	5
29.9	78.1	2
29.9	90.2	12
29.9	95.8	10
29.9	107.2	1
29.9	112.9	3
29.9	116.9	30
29.9	118.4	2
29.9	119.9	3
29.9	120.4	20
29.9	121.4	2
29.9	121.6	21
29.9	122.4	290
30.0	-99.4	3
30.0	-99.2	3
30.0	-95.2	6
30.0	-90.1	60
30.0	31.2	5
30.0	76.0	2
30.0	78.2	4
30.0	100.0	16
30.0	102.5	30
30.0	103.0	12
30.0	103.3	32
30.0	103.5	1
30.0	104.0	1
30.0	106.8	1
30.0	107.0	1
30.0	113.8	1
30.0	114.0	99
30.0	114.7	1
30.0	120.0	412
30.0	120.2	16
30.0	120.6	16
30.0	120.8	4
30.0	121.1	2
30.0	121.2	5
30.0	122.7	1
30.0	123.1	1
30.0	123.5	1
30.0	124.2	1
30.0	124.5	1
30.0	125.7	1
30.0	127.2	1
30.0	150.0	1
30.0	165.0	4
30.1	-99.5	3
30.1	-98.5	3
30.1	-68.0	1
30.1	-42.1	17
30.1	31.4	6
30.1	35.0	4
30.1	78.4	1
30.1	78.6	3
30.1	79.0	1
30.1	92.2	4
30.1	103.0	27
30.1	112.5	2
30.1	113.5	1
30.1	114.2	103
30.1	114.9	1
30.1	115.1	1
30.1	116.5	1
30.1	118.0	1
30.1	118.1	1
30.1	118.2	2
30.1	120.1	4
30.1	120.2	1
30.1	120.3	1
30.1	120.4	1
30.1	120.5	1
30.1	120.6	3
30.1	120.7	1
30.1	120.8	1
30.1	120.9	1
30.1	121.1	3
30.1	122.4	9
30.2	-114.7	2
30.2	-100.0	3
30.2	-97.9	5
30.2	-97.7	108
30.2	-97.6	1
30.2	-92.0	2
30.2	-91.1	6
30.2	-85.7	3
30.2	-68.2	1
30.2	-42.2	2
30.2	97.1	1
30.2	102.2	30
30.2	103.5	1
30.2	106.5	1
30.2	114.2	4
30.2	114.5	2
30.2	115.0	1
30.2	117.1	3
30.2	119.1	1
30.2	119.5	3
30.2	119.6	6
30.2	119.7	9
30.2	120.1	61
30.2	120.2	36
30.2	120.3	29
30.2	120.4	11
30.2	120.5	27
30.2	120.6	11
30.2	120.7	10
30.2	120.8	12
30.2	120.9	10
30.2	121.0	5
30.2	121.4	11
30.2	121.5	9
30.2	121.6	1
30.3	-98.4	6
30.3	-98.1	3
30.3	-97.9	18
30.3	-97.7	86
30.3	-88.3	3
30.3	-88.2	15
30.3	-87.6	2
30.3	-86.0	1
30.3	-81.7	48
30.3	-81.6	1
30.3	-81.4	211
30.3	34.9	2
30.3	35.1	2
30.3	89.1	5
30.3	89.2	9
30.3	89.4	1
30.3	89.5	1
30.3	89.6	1
30.3	89.7	1
30.3	89.8	1
30.3	89.9	1
30.3	103.0	113
30.3	104.3	1
30.3	109.5	1
30.3	112.2	1
30.3	112.3	1
30.3	113.9	1
30.3	114.2	5
30.3	114.3	40
30.3	114.4	3
30.3	114.5	1
30.3	117.4	1
30.3	119.7	1
30.3	120.1	84
30.3	120.2	695
30.3	120.3	6
30.3	120.4	10
30.3	120.5	7
30.3	120.6	1
30.3	120.7	8
30.3	120.8	11
30.3	120.9	9
30.3	121.0	5
30.3	121.2	4
30.3	122.1	1
30.3	130.4	10
30.3	130.5	7
30.3	130.6	1
30.4	-96.2	32
30.4	-91.1	18
30.4	-90.1	38
30.4	-89.1	2
30.4	-88.6	1
30.4	-88.5	1
30.4	-87.7	3
30.4	-87.6	2
30.4	-87.2	3
30.4	-86.7	2
30.4	-86.6	1
30.4	-86.4	1
30.4	-84.3	40
30.4	-68.3	1
30.4	30.2	1
30.4	34.9	2
30.4	35.0	2
30.4	35.1	2
30.4	69.3	1
30.4	75.5	1
30.4	102.5	2
30.4	102.9	1
30.4	104.0	5
30.4	108.0	1
30.4	108.2	1
30.4	109.6	3
30.4	112.1	3
30.4	112.4	1
30.4	113.3	1
30.4	114.0	2
30.4	114.1	13
30.4	114.2	12
30.4	114.3	195
30.4	114.4	15
30.4	114.5	8
30.4	114.7	54
30.4	116.7	1
30.4	119.9	6
30.4	120.1	1
30.4	120.3	18
30.4	120.5	40
30.4	121.3	9
30.4	121.4	11
30.4	122.1	3
30.4	130.4	9
30.5	-99.8	1
30.5	-90.1	1
30.5	-87.9	4
30.5	-87.8	1
30.5	-85.0	7
30.5	-68.4	2
30.5	75.5	2
30.5	75.6	1
30.5	91.1	3
30.5	98.1	1
30.5	98.5	50
30.5	104.0	1
30.5	104.1	41
30.5	104.4	2
30.5	105.6	22
30.5	114.0	3
30.5	114.1	8
30.5	114.2	9
30.5	114.3	19
30.5	114.4	35
30.5	114.5	12
30.5	114.6	32
30.5	114.9	1
30.5	117.0	1
30.5	119.9	2
30.5	120.1	36
30.5	120.5	1
30.5	121.3	37
30.5	121.5	513
30.5	122.1	3
30.5	122.3	1
30.5	122.4	1
30.5	122.5	1
30.5	122.6	1
30.5	122.7	1
30.5	122.8	2
30.5	122.9	1
30.5	124.5	1
30.5	125.0	1
30.5	125.5	1
30.5	126.0	1
30.5	126.5	1
30.6	-96.3	4
30.6	-87.9	4
30.6	-87.7	1
30.6	-87.3	1
30.6	-84.1	2
30.6	32.3	3
30.6	34.7	4
30.6	34.8	3
30.6	35.2	4
30.6	90.9	2
30.6	102.9	1
30.6	104.0	88
30.6	104.1	307
30.6	104.2	6
30.6	105.0	36
30.6	105.4	1
30.6	112.6	6
30.6	114.0	48
30.6	114.2	4
30.6	114.3	22
30.6	114.4	20
30.6	114.5	6
30.6	117.0	3
30.6	117.2	1
30.6	117.4	3
30.6	117.5	6
30.6	120.2	1
30.6	120.5	1
30.6	121.0	22
30.6	121.1	12
30.6	121.2	9
30.7	-104.8	20
30.7	-101.7	3
30.7	-88.0	5
30.7	-87.9	3
30.7	35.2	3
30.7	76.7	24
30.7	76.8	17
30.7	91.1	4
30.7	103.8	1
30.7	103.9	17
30.7	104.1	354
30.7	104.2	59
30.7	107.2	6
30.7	111.3	1
30.7	112.3	12
30.7	112.8	1
30.7	114.3	2
30.7	114.4	1
30.7	114.5	21
30.7	117.4	2
30.7	117.5	3
30.7	118.4	1
30.7	120.5	3
30.7	121.2	1
30.7	122.8	8
30.7	123.0	1
30.8	-88.2	1
30.8	-88.1	1
30.8	-86.6	1
30.8	-85.5	1
30.8	32.4	2
30.8	34.8	10
30.8	35.1	1
30.8	104.3	1
30.8	106.1	15
30.8	111.1	2
30.8	114.7	1
30.8	117.1	4
30.8	117.2	8
30.8	117.6	2
30.8	120.8	6
30.8	121.1	1
30.9	-85.2	2
30.9	34.8	5
30.9	35.4	1
30.9	85.8	21
30.9	98.3	50
30.9	103.6	92
30.9	103.8	7
30.9	105.4	1
30.9	106.4	3
30.9	110.9	4
30.9	113.9	6
30.9	114.1	1
30.9	114.5	3
30.9	114.7	1
30.9	118.0	1
30.9	118.5	1
30.9	119.5	1
30.9	119.7	6
30.9	120.1	2
30.9	120.3	2
30.9	121.0	1
30.9	121.1	8
30.9	121.3	1
30.9	121.4	34
30.9	121.6	20
30.9	121.9	3
30.9	122.0	5
30.9	122.6	1
30.9	124.0	3
30.9	125.0	3
31.0	-98.1	2
31.0	-97.3	1
31.0	-86.5	3
31.0	-85.9	2
31.0	-85.3	1
31.0	-81.7	27
31.0	-81.6	31
31.0	-81.5	29
31.0	34.7	3
31.0	34.9	19
31.0	78.8	1
31.0	78.9	2
31.0	92.0	18
31.0	105.9	1
31.0	110.0	6
31.0	110.4	4
31.0	112.2	101
31.0	115.0	34
31.0	117.0	232
31.0	117.2	1
31.0	118.0	18
31.0	119.9	1
31.0	120.0	3
31.0	120.1	1
31.0	120.3	1
31.0	121.0	929
31.0	121.1	11
31.0	121.4	14
31.0	121.5	21
31.0	121.6	10
31.0	121.7	8
31.0	121.8	40
31.0	121.9	11
31.0	122.0	22
31.0	122.2	1
31.1	-95.2	47
31.1	-86.0	3
31.1	30.9	1
31.1	33.7	3
31.1	33.8	9
31.1	77.1	1
31.1	103.9	3
31.1	104.0	30
31.1	104.4	248
31.1	104.5	9
31.1	104.6	9
31.1	118.1	22
31.1	118.2	12
31.1	118.8	9
31.1	118.9	9
31.1	119.0	5
31.1	120.0	2
31.1	120.9	1
31.1	121.2	3
31.1	121.3	145
31.1	121.4	7
31.1	121.5	24
31.1	121.8	2
31.1	123.0	1
31.2	-86.2	1
31.2	-85.9	2
31.2	-85.4	17
31.2	-85.2	2
31.2	-84.5	4
31.2	-84.4	4
31.2	32.1	2
31.2	32.2	1
31.2	77.1	1
31.2	90.0	2
31.2	90.6	2
31.2	96.6	4
31.2	102.6	26
31.2	117.4	1
31.2	118.2	1
31.2	118.3	4
31.2	119.6	1
31.2	120.1	1
31.2	120.2	9
31.2	120.4	14
31.2	121.1	47
31.2	121.3	19
31.2	121.4	842
31.2	121.5	1806
31.2	121.6	65
31.2	121.7	35
31.2	121.8	35
31.2	121.9	20
31.2	122.0	10
31.2	122.4	1
31.2	122.5	1
31.2	122.8	1
31.3	-89.3	1
31.3	-86.3	3
31.3	-85.9	2
31.3	-81.5	22
31.3	31.9	2
31.3	32.0	2
31.3	32.1	2
31.3	32.2	1
31.3	34.8	3
31.3	34.9	4
31.3	76.2	2
31.3	90.6	1
31.3	92.1	1
31.3	96.6	1
31.3	105.4	6
31.3	105.5	4
31.3	105.6	5
31.3	110.7	44
31.3	118.3	2
31.3	118.4	3
31.3	118.5	1
31.3	118.9	3
31.3	119.0	5
31.3	119.9	3
31.3	120.1	11
31.3	120.2	20
31.3	120.3	2
31.3	120.4	20
31.3	120.6	59
31.3	120.7	1
31.3	120.9	12
31.3	121.0	18
31.3	121.1	16
31.3	121.2	14
31.3	121.4	249
31.3	121.5	113
31.3	121.6	24
31.3	121.7	4
31.3	121.8	4
31.3	121.9	3
31.3	122.0	1
31.3	122.8	7
31.4	-86.1	1
31.4	-85.9	1
31.4	-81.3	4
31.4	-64.1	4
31.4	30.6	1
31.4	30.7	2
31.4	31.9	2
31.4	34.9	6
31.4	90.7	5
31.4	110.3	10
31.4	118.5	16
31.4	120.0	2
31.4	120.2	35
31.4	120.4	3
31.4	120.5	11
31.4	120.6	12
31.4	121.1	4
31.4	121.2	3
31.4	121.5	2
31.4	121.6	12
31.4	121.7	17
31.4	121.9	1
31.4	123.0	1
31.5	-159.1	2
31.5	-159.0	8
31.5	-97.1	1
31.5	-87.5	1
31.5	-87.3	1
31.5	-86.4	1
31.5	-84.2	1
31.5	-83.5	6
31.5	30.8	2
31.5	30.9	1
31.5	31.0	2
31.5	34.5	2
31.5	35.1	122
31.5	35.4	12
31.5	89.7	5
31.5	92.0	16
31.5	95.5	5
31.5	104.3	1
31.5	104.7	3
31.5	110.3	63
31.5	110.4	2
31.5	110.6	1
31.5	117.5	4
31.5	117.6	18
31.5	117.7	4
31.5	118.3	3
31.5	119.9	2
31.5	120.2	1
31.5	120.3	135
31.5	120.4	1
31.5	120.5	9
31.5	120.6	21
31.5	120.7	18
31.5	121.2	1
31.5	121.3	2
31.5	121.6	1
31.5	122.2	1
31.5	122.5	1
31.5	122.6	1
31.5	122.7	1
31.5	123.0	1
31.5	123.4	3
31.5	124.5	1
31.5	125.0	1
31.5	125.5	1
31.5	126.0	1
31.5	126.5	1
31.5	130.5	4
31.5	130.8	2
31.6	-91.4	2
31.6	-86.7	1
31.6	-85.7	2
31.6	31.0	1
31.6	34.9	12
31.6	77.3	8
31.6	92.0	5
31.6	100.0	1
31.6	104.7	1
31.6	105.2	21
31.6	110.3	1
31.6	114.5	1
31.6	117.4	15
31.6	117.5	8
31.6	117.6	4
31.6	117.7	8
31.6	117.8	12
31.6	120.2	1
31.6	120.3	201
31.6	120.4	51
31.6	120.5	8
31.6	120.6	18
31.6	120.7	37
31.6	121.3	1
31.6	121.6	1
31.6	121.7	2
31.6	130.5	13
31.7	-89.1	6
31.7	-64.2	96
31.7	35.0	57
31.7	77.0	5
31.7	101.8	12
31.7	104.7	1
31.7	106.5	1
31.7	111.4	1
31.7	111.5	3
31.7	115.9	3
31.7	116.5	12
31.7	117.2	2
31.7	117.3	9
31.7	117.4	8
31.7	118.4	1
31.7	119.6	2
31.7	120.0	1
31.7	120.1	2
31.7	120.2	3
31.7	120.7	18
31.7	120.8	24
31.7	120.9	6
31.7	121.1	1
31.7	121.2	159
31.7	121.4	5
31.7	121.5	1
31.7	130.7	2
31.8	-110.9	2
31.8	-110.8	1
31.8	-106.5	19
31.8	-89.7	1
31.8	-89.4	1
31.8	-86.6	2
31.8	-86.0	4
31.8	-85.8	1
31.8	-64.2	9
31.8	-64.1	1
31.8	35.1	4
31.8	35.2	1
31.8	35.5	2
31.8	102.6	10
31.8	104.7	3
31.8	110.7	7
31.8	117.2	19
31.8	117.3	5
31.8	118.5	2
31.8	120.2	2
31.8	120.5	1
31.8	120.8	11
31.8	121.0	2
31.8	121.1	1
31.8	121.2	1
31.8	121.5	1
31.8	121.7	568
31.8	122.0	1
31.8	122.5	1
31.8	122.8	1
31.9	-110.8	7
31.9	-89.7	1
31.9	-88.2	6
31.9	-87.7	1
31.9	-86.4	1
31.9	-85.1	1
31.9	-22.7	1
31.9	34.8	6
31.9	85.8	5
31.9	87.8	5
31.9	93.5	6
31.9	102.1	6
31.9	108.1	1
31.9	113.9	12
31.9	117.1	18
31.9	117.2	5
31.9	117.3	18
31.9	117.4	1
31.9	118.7	6
31.9	119.3	56
31.9	120.1	1
31.9	120.3	1
31.9	121.7	1
31.9	131.4	50
32.0	-153.1	2
32.0	-116.5	14
32.0	-86.3	1
32.0	-81.0	57
32.0	-80.9	2
32.0	-69.9	1
32.0	34.8	45
32.0	77.3	6
32.0	101.0	1
32.0	110.7	5
32.0	112.1	19
32.0	118.0	54
32.0	118.1	1
32.0	118.2	38
32.0	118.3	1
32.0	118.4	8
32.0	118.5	177
32.0	118.7	93
32.0	118.8	117
32.0	118.9	70
32.0	119.0	81
32.0	119.4	1
32.0	120.4	12
32.0	120.9	23
32.0	121.0	193
32.0	122.2	1
32.0	122.5	1
32.0	124.4	3
32.0	124.5	1
32.0	150.0	1
32.1	-88.2	1
32.1	-86.5	1
32.1	-82.0	4
32.1	-65.4	6
32.1	34.8	386
32.1	76.5	8
32.1	107.4	5
32.1	114.1	1
32.1	117.4	1
32.1	118.0	30
32.1	118.1	56
32.1	118.2	101
32.1	118.3	41
32.1	118.4	3
32.1	118.5	3
32.1	118.6	3
32.1	118.7	5
32.1	118.8	211
32.1	118.9	34
32.1	119.0	56
32.1	119.1	1
32.1	119.3	1
32.1	119.4	4
32.1	120.0	1
32.1	121.6	1
32.1	122.7	1
32.1	130.3	4
32.2	-111.2	2
32.2	-111.0	3
32.2	-110.9	93
32.2	-90.2	1
32.2	-90.1	1
32.2	-85.4	1
32.2	-70.0	1
32.2	-64.2	29
32.2	-21.5	2
32.2	32.2	1
32.2	34.2	23
32.2	34.3	1
32.2	77.2	4
32.2	111.8	1
32.2	114.1	1
32.2	114.5	2
32.2	118.2	10
32.2	118.5	9
32.2	118.7	17
32.2	118.8	44
32.2	118.9	8
32.2	119.3	2
32.2	119.5	1
32.2	119.7	3
32.2	121.4	1
32.2	123.0	1
32.2	130.0	1
32.2	130.4	8
32.3	-111.2	63
32.3	-111.0	13
32.3	-110.9	1
32.3	-90.2	1
32.3	-90.1	3
32.3	-90.0	4
32.3	-87.9	1
32.3	-86.9	7
32.3	-86.0	1
32.3	-79.2	1
32.3	-70.1	1
32.3	81.2	5
32.3	108.1	1
32.3	110.0	2
32.3	111.5	30
32.3	111.7	1
32.3	111.9	1
32.3	113.6	4
32.3	114.0	3
32.3	118.5	2
32.3	118.7	65
32.3	118.8	1
32.3	119.8	1
32.3	119.9	3
32.3	121.0	1
32.3	121.1	46
32.4	-104.2	1
32.4	-97.8	1
32.4	-90.9	1
32.4	-89.5	2
32.4	-89.4	1
32.4	-89.1	1
32.4	-88.7	6
32.4	-87.0	1
32.4	-86.3	26
32.4	-85.7	1
32.4	-30.0	1
32.4	34.1	1
32.4	35.0	12
32.4	75.5	1
32.4	76.0	1
32.4	80.1	3
32.4	83.3	5
32.4	83.4	1
32.4	112.2	1
32.4	112.4	1
32.4	113.0	1
32.4	113.1	2
32.4	113.5	3
32.4	114.4	1
32.4	115.2	1
32.4	117.2	17
32.4	117.4	1
32.4	118.2	1
32.4	119.4	17
32.4	119.9	44
32.4	120.1	1
32.4	121.0	1
32.4	121.6	1
32.4	131.1	2
32.5	-117.2	563
32.5	-91.8	1
32.5	-90.1	3
32.5	-89.0	1
32.5	-87.8	6
32.5	-86.5	11
32.5	-86.4	6
32.5	-86.3	1
32.5	-86.2	1
32.5	-85.0	1
32.5	-76.2	1
32.5	-70.2	1
32.5	33.9	1
32.5	35.5	58
32.5	80.1	5
32.5	98.3	3
32.5	104.6	6
32.5	108.0	4
32.5	117.3	12
32.5	118.6	2
32.5	118.8	1
32.5	119.1	12
32.5	119.6	3
32.5	119.8	1
32.5	120.5	1
32.5	120.6	1
32.5	120.8	1
32.5	124.5	1
32.5	125.0	1
32.5	125.5	4
32.5	130.4	3
32.6	-118.1	4
32.6	-117.5	1
32.6	-117.0	2
32.6	-116.9	8
32.6	-110.9	58
32.6	-106.8	2
32.6	-96.6	3
32.6	-87.3	2
32.6	-85.5	42
32.6	-85.4	3
32.6	-70.4	1
32.6	34.9	23
32.6	73.0	1
32.6	96.6	1
32.6	98.2	3
32.6	104.2	12
32.6	108.6	1
32.6	111.2	1
32.6	111.3	1
32.6	111.4	1
32.6	111.5	2
32.6	116.6	1
32.6	117.0	4
32.6	119.7	6
32.6	121.0	7
32.7	-118.2	4
32.7	-117.4	4
32.7	-117.2	134
32.7	-117.1	6
32.7	-117.0	12
32.7	-97.3	4
32.7	-96.7	5
32.7	-90.2	1
32.7	-88.3	1
32.7	-87.6	1
32.7	-85.5	19
32.7	-16.8	1
32.7	-9.0	2
32.7	33.7	1
32.7	74.7	1
32.7	102.9	1
32.7	103.8	6
32.7	110.8	1
32.7	111.1	1
32.7	111.6	2
32.7	119.0	1
32.7	119.3	1
32.7	119.7	1
32.7	119.9	1
32.7	120.9	1
32.7	125.7	4
32.8	-122.0	2
32.8	-117.3	151
32.8	-117.2	29
32.8	-117.1	8
32.8	-117.0	4
32.8	-115.6	2
32.8	-96.8	144
32.8	-89.1	1
32.8	-85.8	1
32.8	-85.7	2
32.8	-79.9	2
32.8	-70.5	1
32.8	35.0	185
32.8	35.6	1
32.8	103.8	9
32.8	110.9	1
32.8	111.0	1
32.8	111.6	1
32.8	112.8	1
32.8	116.7	30
32.8	118.6	13
32.8	119.1	1
32.8	119.5	1
32.8	119.7	2
32.8	121.0	8
32.8	125.8	4
32.8	129.9	59
32.9	-121.9	2
32.9	-117.8	3
32.9	-117.5	3
32.9	-117.3	2
32.9	-117.2	268
32.9	-117.1	2
32.9	-117.0	2
32.9	-87.4	4
32.9	-86.0	3
32.9	-85.8	2
32.9	-70.6	1
32.9	33.9	1
32.9	34.5	1
32.9	96.6	1
32.9	111.5	1
32.9	114.0	1
32.9	115.8	1
32.9	116.0	1
32.9	117.2	1
32.9	117.5	1
32.9	119.6	24
32.9	120.2	1
32.9	130.8	6
33.0	-121.9	2
33.0	-121.8	3
33.0	-121.7	1
33.0	-117.1	2
33.0	-117.0	19
33.0	-87.6	1
33.0	-87.4	41
33.0	-86.9	1
33.0	-70.8	1
33.0	-66.6	1
33.0	-66.5	1
33.0	-60.0	1
33.0	-22.1	1
33.0	9.6	3
33.0	35.5	12
33.0	97.2	2
33.0	97.6	3
33.0	103.9	5
33.0	112.6	2
33.0	113.1	1
33.0	113.8	1
33.0	117.2	1
33.0	117.3	1
33.0	117.4	1
33.0	117.5	1
33.0	118.5	12
33.0	119.1	1
33.0	119.6	1
33.0	120.0	9
33.0	120.5	2
33.0	126.0	4
33.0	126.4	4
33.0	131.4	33
33.0	132.3	5
33.1	-117.3	4
33.1	-117.2	6
33.1	-117.1	3
33.1	-116.1	3
33.1	-96.8	2
33.1	-89.1	1
33.1	-87.1	2
33.1	-86.8	1
33.1	-86.6	1
33.1	-72.8	1
33.1	-66.5	2
33.1	35.2	1
33.1	35.4	3
33.1	78.2	1
33.1	80.2	1
33.1	92.0	1
33.1	96.8	5
33.1	107.0	14
33.1	109.5	1
33.1	113.9	1
33.1	117.8	1
33.1	117.9	1
33.1	118.8	1
33.1	119.1	1
33.1	119.2	1
33.1	119.3	3
33.1	119.4	5
33.1	119.5	3
33.1	119.6	1
33.1	119.7	3
33.1	120.1	2
33.1	120.2	1
33.1	120.5	1
33.1	120.9	1
33.1	124.2	1
33.1	132.2	5
33.2	-117.3	8
33.2	-117.0	2
33.2	-111.6	2
33.2	-88.6	1
33.2	-87.6	19
33.2	-87.5	3
33.2	-87.2	5
33.2	-86.8	5
33.2	-86.6	1
33.2	-86.5	2
33.2	-86.3	3
33.2	-81.7	6
33.2	-70.9	1
33.2	-29.3	1
33.2	-8.5	1
33.2	35.3	2
33.2	35.5	1
33.2	80.6	1
33.2	98.2	3
33.2	103.9	12
33.2	106.9	1
33.2	107.5	1
33.2	111.0	1
33.2	113.9	1
33.2	114.2	25
33.2	115.6	1
33.2	115.7	1
33.2	118.3	1
33.2	118.5	1
33.2	118.8	1
33.2	119.4	4
33.2	120.0	4
33.2	120.1	10
33.2	120.3	1
33.2	120.5	10
33.2	126.2	3
33.3	-117.3	2
33.3	-116.3	2
33.3	-115.8	4
33.3	-87.0	3
33.3	-86.8	14
33.3	-86.6	3
33.3	-86.4	1
33.3	-85.7	1
33.3	-81.7	9
33.3	-81.6	2
33.3	-79.2	1
33.3	-73.2	1
33.3	78.5	1
33.3	88.7	2
33.3	106.3	34
33.3	111.5	1
33.3	115.0	1
33.3	118.8	1
33.3	118.9	3
33.3	119.6	10
33.3	120.0	10
33.3	120.3	1
33.3	126.2	2
33.3	126.6	1
33.3	130.4	2
33.3	132.1	5
33.3	133.0	2
33.3	134.2	13
33.4	-119.8	5
33.4	-119.4	3
33.4	-118.3	10
33.4	-117.4	154
33.4	-117.2	2
33.4	-115.9	6
33.4	-114.2	6
33.4	-111.9	5
33.4	-97.8	25
33.4	-97.6	10
33.4	-88.8	1
33.4	-87.0	4
33.4	-86.8	42
33.4	-86.7	1
33.4	-86.1	2
33.4	-84.2	4
33.4	-58.1	5
33.4	-13.5	1
33.4	10.5	1
33.4	73.1	1
33.4	79.3	1
33.4	101.5	16
33.4	107.4	35
33.4	108.4	3
33.4	110.8	1
33.4	111.4	1
33.4	114.0	1
33.4	115.1	1
33.4	116.2	2
33.4	119.0	1
33.4	120.0	1
33.4	120.2	1
33.4	120.5	1
33.4	120.7	20
33.4	130.2	10
33.4	133.4	41
33.5	-118.5	29
33.5	-117.6	6
33.5	-117.5	530
33.5	-115.9	13
33.5	-112.4	27
33.5	-112.1	2
33.5	-112.0	97
33.5	-101.8	2
33.5	-88.8	1
33.5	-88.4	1
33.5	-87.0	6
33.5	-86.9	1
33.5	-86.8	133
33.5	-86.7	3
33.5	-86.5	4
33.5	-85.3	1
33.5	-84.9	5
33.5	-82.1	1
33.5	-71.2	1
33.5	35.3	1
33.5	35.6	1
33.5	76.8	2
33.5	108.5	16
33.5	117.0	1
33.5	119.2	1
33.5	120.2	1
33.5	120.3	2
33.5	123.4	3
33.5	123.8	3
33.5	127.0	2
33.6	-119.5	4
33.6	-118.4	56
33.6	-117.9	273
33.6	-117.8	33
33.6	-116.5	36
33.6	-116.4	41
33.6	-109.1	2
33.6	-88.7	2
33.6	-88.3	1
33.6	-86.8	4
33.6	-86.6	13
33.6	-86.5	4
33.6	-86.3	3
33.6	-86.1	4
33.6	-85.8	3
33.6	-85.6	1
33.6	-83.5	1
33.6	-83.2	4
33.6	-71.3	1
33.6	-7.7	1
33.6	-7.5	1
33.6	9.7	3
33.6	35.4	1
33.6	73.9	4
33.6	97.6	16
33.6	102.9	9
33.6	108.5	4
33.6	108.6	1
33.6	114.1	1
33.6	116.9	1
33.6	117.0	1
33.6	117.9	1
33.6	119.1	9
33.6	119.6	4
33.6	119.7	2
33.6	119.8	2
33.6	119.9	3
33.6	120.0	2
33.6	120.2	3
33.6	120.5	2
33.6	130.4	9
33.7	-119.5	2
33.7	-119.3	4
33.7	-117.8	101
33.7	-117.7	40
33.7	-117.5	17
33.7	-113.9	6
33.7	-112.0	416
33.7	-97.0	1
33.7	-87.8	1
33.7	-86.9	1
33.7	-86.8	1
33.7	-86.7	2
33.7	-86.4	5
33.7	-85.8	12
33.7	-85.4	1
33.7	-84.9	2
33.7	-84.4	13
33.7	-82.7	1
33.7	-71.4	1
33.7	-64.2	1
33.7	-5.0	1
33.7	88.0	1
33.7	101.9	1
33.7	103.2	18
33.7	105.8	4
33.7	107.6	9
33.7	107.9	2
33.7	113.5	1
33.7	116.3	1
33.7	118.3	1
33.7	118.6	4
33.7	118.7	2
33.7	120.4	1
33.7	126.5	2
33.8	-118.7	2
33.8	-118.1	6
33.8	-116.8	74
33.8	-114.2	6
33.8	-112.1	2
33.8	-111.5	18
33.8	-110.0	2
33.8	-90.3	1
33.8	-89.8	1
33.8	-88.1	1
33.8	-87.3	7
33.8	-87.2	1
33.8	-87.0	1
33.8	-86.8	2
33.8	-86.6	1
33.8	-86.5	3
33.8	-86.3	2
33.8	-85.8	4
33.8	-84.4	29
33.8	-84.3	399
33.8	73.8	1
33.8	89.1	1
33.8	92.0	1
33.8	97.1	1
33.8	105.7	17
33.8	110.0	1
33.8	113.6	1
33.8	114.0	1
33.8	117.0	1
33.8	118.2	1
33.8	118.4	1
33.8	119.3	1
33.8	119.8	1
33.8	120.3	1
33.8	120.5	5
33.8	130.6	1
33.9	-120.7	10
33.9	-118.8	7
33.9	-117.8	187
33.9	-117.6	1
33.9	-116.6	6
33.9	-97.3	24
33.9	-87.8	3
33.9	-87.5	2
33.9	-86.8	2
33.9	-86.5	3
33.9	-86.0	1
33.9	-83.6	6
33.9	-83.5	4
33.9	-83.4	44
33.9	-71.6	2
33.9	32.8	4
33.9	32.9	3
33.9	36.0	1
33.9	102.8	1
33.9	116.7	1
33.9	117.0	3
33.9	118.3	2
33.9	118.4	1
33.9	134.9	4
34.0	-118.3	13
34.0	-118.2	123
34.0	-117.3	2
34.0	-114.3	6
34.0	-111.1	79
34.0	-87.9	2
34.0	-87.8	1
34.0	-87.5	2
34.0	-86.6	1
34.0	-86.0	9
34.0	-85.9	3
34.0	-84.5	3
34.0	-83.4	19
34.0	-81.0	61
34.0	35.6	1
34.0	102.0	1
34.0	108.8	13
34.0	108.9	2
34.0	117.0	8
34.0	118.1	1
34.0	118.2	5
34.0	118.3	1
34.0	119.8	1
34.0	121.0	7
34.0	123.5	1
34.0	132.8	2
34.0	134.9	4
34.1	-120.6	7
34.1	-118.4	146
34.1	-118.3	4
34.1	-118.2	4
34.1	-118.1	636
34.1	-117.2	3
34.1	-116.6	6
34.1	-116.5	3
34.1	-109.4	2
34.1	-88.7	1
34.1	-87.0	1
34.1	-86.8	4
34.1	-86.6	3
34.1	-85.3	2
34.1	-49.9	3
34.1	-49.8	4
34.1	95.8	6
34.1	97.6	1
34.1	100.1	3
34.1	102.2	1
34.1	107.6	15
34.1	107.9	12
34.1	108.2	12
34.1	110.1	1
34.1	112.1	1
34.1	118.1	1
34.1	119.5	1
34.1	139.5	1
34.2	-120.5	5
34.2	-119.9	12
34.2	-118.5	4
34.2	-118.2	127
34.2	-117.3	1
34.2	-116.5	6
34.2	-115.4	6
34.2	-108.7	2
34.2	-108.4	2
34.2	-108.3	2
34.2	-101.9	2
34.2	-87.6	3
34.2	-86.9	1
34.2	-86.8	7
34.2	-86.3	1
34.2	-86.2	3
34.2	-86.1	2
34.2	-85.8	1
34.2	-85.7	2
34.2	-85.6	2
34.2	-85.2	1
34.2	-82.2	1
34.2	-57.0	2
34.2	13.8	2
34.2	49.8	9
34.2	92.4	2
34.2	93.0	2
34.2	107.6	30
34.2	108.1	58
34.2	108.2	5
34.2	108.4	4
34.2	108.6	84
34.2	108.7	3
34.2	108.8	27
34.2	108.9	49
34.2	109.0	23
34.2	109.2	10
34.2	109.3	17
34.2	109.4	1
34.2	109.5	1
34.2	112.1	1
34.2	112.2	1
34.2	112.3	1
34.2	112.4	195
34.2	113.6	1
34.2	115.2	12
34.2	117.5	6
34.2	118.0	1
34.2	119.6	1
34.2	120.2	3
34.2	120.3	6
34.2	134.9	5
34.2	144.3	1
34.3	-120.3	6
34.3	-118.3	18
34.3	-109.1	2
34.3	-108.7	2
34.3	-107.7	2
34.3	-107.6	2
34.3	-107.5	2
34.3	-89.6	1
34.3	-88.7	2
34.3	-88.5	1
34.3	-86.5	3
34.3	-86.2	1
34.3	-85.9	1
34.3	-85.2	1
34.3	-84.0	4
34.3	-55.4	6
34.3	92.4	6
34.3	100.1	2
34.3	100.2	8
34.3	107.1	1
34.3	108.0	1
34.3	108.1	126
34.3	108.5	1
34.3	108.7	18
34.3	108.8	102
34.3	108.9	131
34.3	109.0	2
34.3	109.1	3
34.3	109.4	1
34.3	112.2	1
34.3	112.3	1
34.3	113.6	3
34.3	116.5	1
34.3	117.2	85
34.3	133.8	1
34.3	135.1	24
34.3	139.2	4
34.3	141.4	2
34.3	142.0	2
34.3	144.3	5
34.4	-120.4	4
34.4	-119.8	5
34.4	-117.6	27
34.4	-109.3	2
34.4	-109.0	2
34.4	-108.9	2
34.4	-107.3	2
34.4	-107.0	2
34.4	-96.6	28
34.4	-89.5	2
34.4	-87.1	1
34.4	-86.9	5
34.4	-86.4	1
34.4	-86.1	2
34.4	35.8	2
34.4	75.6	1
34.4	76.0	1
34.4	76.8	9
34.4	100.2	6
34.4	102.3	16
34.4	106.0	6
34.4	107.0	4
34.4	107.1	6
34.4	107.3	3
34.4	108.9	2
34.4	109.0	8
34.4	109.1	2
34.4	109.2	19
34.4	113.6	7
34.4	114.1	1
34.4	115.1	1
34.4	126.7	1
34.4	132.5	55
34.4	132.7	3
34.4	133.2	1
34.4	134.1	78
34.4	135.1	3
34.4	135.3	5
34.4	144.4	5
34.5	-120.0	1
34.5	-91.4	48
34.5	-87.3	1
34.5	-86.8	2
34.5	-73.5	1
34.5	15.0	1
34.5	36.1	2
34.5	75.5	1
34.5	105.9	1
34.5	107.1	1
34.5	107.8	1
34.5	108.8	3
34.5	109.0	3
34.5	109.1	3
34.5	109.4	3
34.5	109.5	19
34.5	113.4	13
34.5	115.5	1
34.5	117.4	4
34.5	118.3	1
34.5	118.4	17
34.5	121.1	3
34.5	123.0	3
34.5	135.2	3
34.5	135.3	61
34.5	136.8	1
34.5	136.9	1
34.5	137.4	1
34.6	-110.2	2
34.6	-110.0	2
34.6	-109.4	2
34.6	-108.6	2
34.6	-107.1	2
34.6	-87.0	13
34.6	-86.5	5
34.6	-86.3	2
34.6	-85.8	1
34.6	-79.7	1
34.6	-77.1	7
34.6	-76.7	5
34.6	36.1	1
34.6	76.1	1
34.6	76.2	1
34.6	102.5	10
34.6	103.3	9
34.6	108.7	1
34.6	109.0	1
34.6	109.8	3
34.6	110.1	1
34.6	110.3	3
34.6	112.6	6
34.6	113.5	1
34.6	113.6	2
34.6	116.8	1
34.6	117.3	3
34.6	117.6	1
34.6	118.3	9
34.6	119.1	124
34.6	119.2	53
34.6	119.3	27
34.6	119.4	33
34.6	119.5	25
34.6	119.6	33
34.6	119.7	27
34.6	119.8	34
34.6	119.9	27
34.6	120.0	15
34.6	133.6	2
34.6	135.3	3
34.6	135.5	32
34.6	138.8	1
34.7	-92.3	58
34.7	-89.0	1
34.7	-87.7	7
34.7	-87.4	1
34.7	-86.7	4
34.7	-86.6	16
34.7	-86.4	2
34.7	-86.0	1
34.7	-85.7	1
34.7	-76.7	14
34.7	-71.3	5
34.7	33.3	1
34.7	101.6	10
34.7	103.9	47
34.7	108.2	28
34.7	109.3	8
34.7	109.4	1
34.7	112.8	1
34.7	112.9	1
34.7	113.6	1
34.7	114.1	1
34.7	114.7	1
34.7	115.1	1
34.7	115.9	1
34.7	116.5	1
34.7	117.3	2
34.7	118.0	1
34.7	119.2	14
34.7	123.2	247
34.7	127.6	1
34.7	135.1	70
34.7	135.3	3
34.7	136.5	1
34.8	-119.1	1
34.8	-115.7	33
34.8	-92.3	9
34.8	-88.0	2
34.8	-87.7	7
34.8	-87.0	7
34.8	-71.2	2
34.8	32.9	1
34.8	33.5	1
34.8	98.1	1
34.8	104.8	1
34.8	108.1	4
34.8	110.3	1
34.8	111.2	21
34.8	111.8	2
34.8	112.1	1
34.8	113.0	3
34.8	113.1	1
34.8	113.5	2
34.8	113.6	510
34.8	113.7	18
34.8	113.8	27
34.8	113.9	1
34.8	114.3	1
34.8	117.6	1
34.8	119.0	1
34.8	119.2	3
34.8	119.3	1
34.8	127.6	1
34.8	135.5	77
34.8	135.6	20
34.9	-148.0	2
34.9	-87.5	1
34.9	-86.8	1
34.9	-86.7	2
34.9	-86.6	2
34.9	-13.1	1
34.9	32.4	1
34.9	32.5	1
34.9	33.0	2
34.9	33.5	2
34.9	98.2	1
34.9	102.5	10
34.9	102.6	8
34.9	104.7	13
34.9	108.2	2
34.9	110.5	1
34.9	112.6	1
34.9	113.0	1
34.9	113.2	1
34.9	113.6	1
34.9	113.7	2
34.9	113.9	1
34.9	114.5	1
34.9	114.9	510
34.9	116.3	1
34.9	119.0	1
34.9	119.2	8
35.0	-146.8	2
35.0	-121.1	6
35.0	-120.8	7
35.0	-111.7	1
35.0	-108.2	2
35.0	-101.9	32
35.0	-98.7	2
35.0	-97.5	26
35.0	-89.7	1
35.0	-87.4	2
35.0	-87.2	2
35.0	-85.3	1
35.0	-84.0	1
35.0	-83.5	2
35.0	-57.5	1
35.0	-52.5	1
35.0	9.5	3
35.0	33.3	1
35.0	33.9	1
35.0	81.1	1
35.0	102.9	18
35.0	104.7	9
35.0	105.0	1
35.0	105.1	31
35.0	105.2	18
35.0	105.3	10
35.0	105.4	12
35.0	105.5	10
35.0	105.6	12
35.0	105.7	10
35.0	105.8	12
35.0	105.9	10
35.0	106.0	5
35.0	108.2	1
35.0	110.3	1
35.0	110.4	1
35.0	113.2	3
35.0	113.4	2
35.0	114.0	1
35.0	114.1	3
35.0	114.4	9
35.0	115.0	292
35.0	116.1	1
35.0	116.4	1
35.0	118.5	21
35.0	122.5	9
35.0	123.0	4
35.0	124.0	1
35.0	126.4	1
35.0	128.0	10
35.0	128.5	3
35.0	136.0	4
35.0	150.0	1
35.1	-106.6	2
35.1	-97.4	4
35.1	-86.4	2
35.1	-85.1	1
35.1	-76.5	6
35.1	-76.2	6
35.1	-27.6	1
35.1	51.5	1
35.1	106.0	4
35.1	107.4	9
35.1	107.9	3
35.1	112.5	1
35.1	112.6	20
35.1	113.3	1
35.1	113.4	1
35.1	114.0	1
35.1	115.1	187
35.1	115.3	5
35.1	118.5	8
35.1	119.2	4
35.1	126.3	2
35.1	126.4	1
35.1	126.5	1
35.1	128.7	3
35.1	135.8	2
35.1	138.9	85
35.1	139.2	8
35.2	-119.0	7
35.2	-97.4	23
35.2	-90.0	133
35.2	-80.8	2
35.2	-5.4	3
35.2	-2.9	1
35.2	-2.8	1
35.2	46.0	1
35.2	51.4	1
35.2	80.5	1
35.2	81.5	2
35.2	101.0	40
35.2	102.7	8
35.2	106.0	9
35.2	107.7	25
35.2	108.3	13
35.2	109.6	15
35.2	112.5	3
35.2	113.6	1
35.2	113.8	96
35.2	114.2	24
35.2	114.7	2
35.2	114.8	3
35.2	115.5	7
35.2	119.1	2
35.2	119.2	4
35.2	126.8	3
35.2	126.9	12
35.2	128.3	8
35.2	135.5	1
35.2	136.0	33
35.2	136.9	166
35.2	139.6	1
35.2	140.1	2
35.3	-127.7	1
35.3	-97.6	1
35.3	-94.3	1
35.3	-83.7	3
35.3	-83.6	9
35.3	-77.6	1
35.3	-20.9	1
35.3	-6.1	1
35.3	25.3	3
35.3	103.1	18
35.3	103.8	5
35.3	104.4	9
35.3	106.0	11
35.3	109.4	1
35.3	109.5	3
35.3	111.1	1
35.3	113.9	7
35.3	114.9	5
35.3	129.2	1
35.3	133.6	2
35.3	135.5	51
35.3	135.8	1
35.3	137.0	1
35.3	137.1	1
35.3	139.3	1
35.4	-139.3	1
35.4	-138.3	2
35.4	-127.8	1
35.4	-127.7	9
35.4	-119.1	2
35.4	-99.1	2
35.4	-97.7	1
35.4	-97.5	1
35.4	-94.4	1
35.4	-66.5	7
35.4	24.7	1
35.4	25.3	2
35.4	33.3	2
35.4	94.1	8
35.4	98.4	13
35.4	106.0	7
35.4	107.4	131
35.4	107.5	4
35.4	108.6	4
35.4	110.5	1
35.4	112.3	1
35.4	114.4	1
35.4	114.9	2
35.4	117.4	112
35.4	118.1	12
35.4	119.3	1
35.4	119.5	3
35.4	128.2	16
35.4	138.8	2
35.4	139.3	57
35.5	-121.0	9
35.5	-111.4	9
35.5	-97.5	548
35.5	-97.2	2
35.5	-89.0	1
35.5	-83.7	4
35.5	-83.4	4
35.5	-78.5	14
35.5	45.4	1
35.5	98.6	42
35.5	104.5	27
35.5	104.6	18
35.5	106.0	2
35.5	109.8	6
35.5	118.8	1
35.5	121.7	4
35.5	124.0	4
35.5	126.8	77
35.5	128.3	10
35.5	136.8	1
35.5	139.2	13
35.5	139.5	12
35.5	139.7	189
35.6	-111.2	1
35.6	-84.0	2
35.6	-83.9	4
35.6	-83.8	4
35.6	-83.6	4
35.6	-83.5	13
35.6	-83.1	2
35.6	-79.8	4
35.6	-78.8	1
35.6	-77.4	10
35.6	-73.7	1
35.6	6.2	3
35.6	24.3	1
35.6	51.4	4
35.6	94.1	13
35.6	102.6	162
35.6	103.3	19
35.6	104.6	8
35.6	104.7	13
35.6	104.8	9
35.6	107.5	4
35.6	138.5	112
35.7	-124.9	7
35.7	-123.1	1
35.7	-121.9	5
35.7	-121.8	2
35.7	-121.7	9
35.7	-121.4	13
35.7	-105.8	4
35.7	-97.4	1
35.7	-85.5	2
35.7	-83.7	2
35.7	-83.5	61
35.7	-83.4	4
35.7	-83.1	2
35.7	-78.5	42
35.7	-73.9	1
35.7	-64.2	1
35.7	14.3	1
35.7	25.0	1
35.7	51.4	1
35.7	53.6	3
35.7	76.6	6
35.7	98.6	10
35.7	104.5	1
35.7	116.9	1
35.7	118.0	1
35.7	118.8	1
35.7	128.4	5
35.7	139.1	50
35.7	139.2	101
35.7	139.3	99
35.7	139.4	108
35.7	139.5	22
35.7	139.7	95
35.7	139.8	514
35.7	139.9	14
35.7	140.0	5
35.8	-114.9	3
35.8	-87.5	1
35.8	-86.4	1
35.8	-84.0	2
35.8	-79.0	2
35.8	-78.8	1
35.8	-78.7	35
35.8	-37.2	3
35.8	-5.8	2
35.8	14.3	8
35.8	108.0	1
35.8	111.7	1
35.8	116.0	12
35.8	116.5	1
35.8	117.4	15
35.8	127.0	6
35.8	139.7	112
35.8	140.1	1
35.9	-106.5	18
35.9	-105.5	6
35.9	-90.6	7
35.9	-86.4	2
35.9	-84.3	7
35.9	-84.0	36
35.9	-83.9	225
35.9	-79.1	39
35.9	-79.0	122
35.9	-78.8	40
35.9	-74.3	1
35.9	-37.3	3
35.9	-37.2	2
35.9	-26.9	1
35.9	14.6	7
35.9	103.2	1
35.9	104.2	179
35.9	106.5	1
35.9	107.7	16
35.9	111.4	1
35.9	114.7	1
35.9	115.7	1
35.9	116.2	1
35.9	116.4	1
35.9	116.8	1
35.9	119.2	1
35.9	127.8	1
36.0	-120.9	2
36.0	-119.0	15
36.0	-115.1	1
36.0	-112.8	1
36.0	-106.1	6
36.0	-102.3	61
36.0	-102.0	1
36.0	-94.1	8
36.0	-86.8	1
36.0	-84.4	5
36.0	-84.3	31
36.0	-84.2	1
36.0	-83.9	4
36.0	-79.0	5
36.0	-78.9	563
36.0	-78.4	1
36.0	-4.5	1
36.0	-4.4	3
36.0	14.3	3
36.0	97.9	1
36.0	101.3	2
36.0	101.5	6
36.0	102.0	70
36.0	103.3	1
36.0	103.4	34
36.0	103.8	50
36.0	103.9	3
36.0	105.0	205
36.0	106.3	1
36.0	114.0	12
36.0	116.2	10
36.0	116.3	1
36.0	116.8	2
36.0	117.0	3
36.0	119.0	4
36.0	120.0	1
36.0	120.1	3
36.0	120.2	3
36.0	120.4	8
36.0	122.0	3
36.0	124.0	4
36.0	126.7	1
36.0	128.4	7
36.0	128.6	23
36.0	138.0	92
36.0	140.0	50
36.0	140.2	6
36.0	150.0	1
36.0	160.0	4
36.1	-97.1	30
36.1	-94.1	1
36.1	-86.8	391
36.1	-84.2	1
36.1	-80.3	153
36.1	-79.3	1
36.1	-79.1	4
36.1	-74.6	2
36.1	-29.0	1
36.1	81.2	16
36.1	94.8	1
36.1	100.3	1
36.1	102.3	1
36.1	103.7	2
36.1	103.8	143
36.1	109.6	3
36.1	117.2	1
36.1	120.1	14
36.1	120.2	9
36.1	120.3	36
36.1	120.4	77
36.1	120.5	9
36.1	120.6	11
36.1	120.7	9
36.1	120.8	11
36.1	120.9	9
36.1	121.0	10
36.1	121.1	9
36.1	121.2	8
36.1	139.6	1
36.1	140.1	29
36.1	142.7	6
36.2	-124.0	6
36.2	-122.0	2
36.2	-116.8	1
36.2	-94.3	1
36.2	-87.3	1
36.2	-86.8	1045
36.2	-85.9	18
36.2	-53.3	6
36.2	-33.9	81
36.2	-29.0	4
36.2	-28.9	3
36.2	36.2	3
36.2	89.6	1
36.2	100.6	1
36.2	101.3	14
36.2	111.6	2
36.2	113.1	1
36.2	114.7	1
36.2	115.0	1
36.2	115.3	1
36.2	116.8	1
36.2	117.1	4
36.2	117.2	22
36.2	117.3	12
36.2	117.4	2
36.2	118.1	1
36.2	120.0	1
36.2	120.1	9
36.2	120.2	30
36.2	120.3	29
36.2	120.4	32
36.2	120.5	22
36.2	120.6	7
36.2	138.3	1
36.2	140.1	1
36.3	-115.6	3
36.3	-72.7	1
36.3	-6.0	1
36.3	14.3	1
36.3	89.4	1
36.3	100.1	3
36.3	100.5	1
36.3	100.9	1
36.3	101.6	6
36.3	102.8	1
36.3	104.0	1
36.3	113.0	1
36.3	116.2	60
36.3	117.2	1
36.3	118.2	1
36.3	119.6	104
36.3	120.0	2
36.3	120.3	21
36.3	120.6	1
36.3	127.2	1
36.3	128.1	2
36.3	129.3	1
36.4	-120.8	2
36.4	-116.5	2
36.4	-95.8	1
36.4	-82.3	2
36.4	-73.0	1
36.4	-72.9	1
36.4	-20.1	1
36.4	10.1	21
36.4	24.3	7
36.4	89.3	1
36.4	94.9	1
36.4	100.3	5
36.4	100.4	11
36.4	100.5	8
36.4	101.4	62
36.4	103.9	1
36.4	107.4	20
36.4	109.3	3
36.4	111.7	1
36.4	113.4	1
36.4	114.2	1
36.4	114.3	14
36.4	116.0	13
36.4	116.6	1
36.4	117.0	1
36.4	117.3	14
36.4	118.0	3
36.4	119.0	1
36.4	120.5	1
36.4	127.4	5
36.4	137.7	1
36.5	-121.8	5
36.5	-116.9	3
36.5	-116.8	2
36.5	-4.0	5
36.5	15.7	1
36.5	25.4	2
36.5	25.5	6
36.5	89.2	13
36.5	89.3	9
36.5	89.4	5
36.5	101.4	12
36.5	101.6	1
36.5	102.4	1
36.5	104.2	1
36.5	109.2	27
36.5	114.8	1
36.5	115.2	1
36.5	115.8	6
36.5	116.0	108
36.5	116.1	10
36.5	117.9	1
36.5	118.5	1
36.5	120.2	2
36.5	120.8	61
36.5	121.1	16
36.5	123.5	3
36.5	127.2	4
36.5	138.4	3
36.5	140.3	2
36.6	-123.4	6
36.6	-122.6	2
36.6	-122.4	1
36.6	-122.3	7
36.6	-122.1	6
36.6	-121.9	1
36.6	-119.6	8
36.6	-119.5	41
36.6	-115.7	3
36.6	-106.1	1
36.6	-90.2	23
36.6	-83.7	57
36.6	-82.6	2
36.6	-6.6	8
36.6	18.0	1
36.6	18.7	1
36.6	100.8	1
36.6	101.8	1
36.6	105.6	1
36.6	107.3	18
36.6	107.7	6
36.6	109.2	4
36.6	111.7	1
36.6	116.8	116
36.6	117.0	25
36.6	117.8	1
36.6	136.7	172
36.6	138.6	43
36.6	139.4	3
36.7	-123.3	2
36.7	-123.2	5
36.7	-122.1	1
36.7	-121.9	4
36.7	-94.9	1
36.7	24.5	3
36.7	99.8	1
36.7	100.4	2
36.7	100.5	1
36.7	100.8	10
36.7	101.3	2
36.7	101.8	9
36.7	109.4	6
36.7	114.2	1
36.7	115.6	1
36.7	116.9	2
36.7	117.0	2
36.7	117.1	7
36.7	117.4	1
36.7	119.1	171
36.7	120.8	1
36.7	139.5	2
36.8	-123.0	6
36.8	-122.0	1
36.8	-121.9	86
36.8	-121.0	5
36.8	-119.8	3
36.8	-119.4	182
36.8	-84.4	2
36.8	-76.0	1
36.8	-6.2	1
36.8	-5.4	1
36.8	-2.8	12
36.8	10.2	36
36.8	12.0	1
36.8	104.7	1
36.8	104.8	1
36.8	109.2	6
36.8	109.3	9
36.8	109.4	12
36.8	115.0	5
36.8	115.2	9
36.8	116.6	48
36.8	118.0	1
36.8	119.8	1
36.8	120.0	1
36.8	121.2	1
36.8	121.5	1
36.8	127.1	152
36.9	-122.8	1
36.9	-122.3	8
36.9	-119.3	1
36.9	-76.4	1
36.9	-76.3	1
36.9	-2.5	15
36.9	22.7	1
36.9	52.6	3
36.9	101.0	1
36.9	109.4	27
36.9	114.9	1
36.9	115.0	1
36.9	115.4	1
36.9	117.8	1
36.9	118.0	1
36.9	118.5	1
36.9	119.6	1
36.9	120.5	2
36.9	120.6	4
36.9	121.5	1
36.9	122.2	16
37.0	-137.4	2
37.0	-122.8	7
37.0	-122.7	3
37.0	-122.6	4
37.0	-122.5	35
37.0	-122.4	21
37.0	-122.3	19
37.0	-122.2	7
37.0	-121.3	2
37.0	-120.7	6
37.0	-120.6	1
37.0	-119.3	2
37.0	-119.0	11
37.0	-76.4	1
37.0	-55.0	1
37.0	-8.0	71
37.0	-7.9	3
37.0	-7.8	1
37.0	-3.4	1
37.0	-0.4	1
37.0	1.9	1
37.0	22.1	4
37.0	80.4	32
37.0	93.0	2
37.0	99.7	1
37.0	99.8	12
37.0	100.1	4
37.0	100.2	6
37.0	111.8	1
37.0	111.9	6
37.0	114.6	2
37.0	115.3	1
37.0	115.8	1
37.0	116.2	1
37.0	119.8	1
37.0	127.1	10
37.0	127.2	5
37.0	127.9	39
37.0	128.0	14
37.0	128.3	10
37.0	150.0	1
37.1	-122.4	1
37.1	-121.5	2
37.1	-120.9	1
37.1	-120.7	8
37.1	-120.3	2
37.1	-119.7	2
37.1	-119.3	10
37.1	-119.0	2
37.1	-114.0	3
37.1	-95.7	7
37.1	-81.5	8
37.1	-80.4	29
37.1	-76.1	8
37.1	-8.8	1
37.1	-7.8	1
37.1	-5.0	1
37.1	-4.8	1
37.1	1.9	3
37.1	22.5	1
37.1	88.3	1
37.1	88.4	1
37.1	88.5	2
37.1	99.7	2
37.1	102.5	5
37.1	104.0	1
37.1	112.1	3
37.1	115.4	30
37.1	115.7	1
37.1	116.7	1
37.1	117.2	21
37.1	119.3	1
37.1	120.1	2
37.1	120.4	2
37.1	122.5	3
37.1	122.6	3
37.1	122.7	3
37.2	-122.4	1
37.2	-122.3	1
37.2	-122.0	4
37.2	-121.7	2
37.2	-120.7	1
37.2	-120.6	1
37.2	-120.5	1
37.2	-120.4	2
37.2	-116.5	1
37.2	-116.2	1
37.2	-80.5	5
37.2	-80.4	1
37.2	-76.6	1
37.2	-76.4	1
37.2	-8.0	3
37.2	-7.3	2
37.2	-3.6	18
37.2	-2.9	1
37.2	14.0	1
37.2	21.6	1
37.2	96.9	1
37.2	100.2	6
37.2	102.8	16
37.2	102.9	8
37.2	104.0	1
37.2	111.5	4
37.2	111.9	1
37.2	115.7	1
37.2	116.0	1
37.2	117.0	1
37.2	117.6	8
37.2	117.8	1
37.2	118.1	12
37.2	119.9	1
37.2	120.0	2
37.2	120.1	2
37.2	120.5	1
37.2	122.0	1
37.2	122.6	1
37.2	128.3	3
37.3	-122.1	12
37.3	-120.8	3
37.3	-120.7	2
37.3	-120.6	4
37.3	-120.4	6
37.3	-76.6	1
37.3	-76.5	1
37.3	-76.4	1
37.3	-76.1	4
37.3	-32.3	25
37.3	-4.5	1
37.3	14.1	1
37.3	95.2	3
37.3	95.3	28
37.3	96.9	1
37.3	97.2	1
37.3	100.1	1
37.3	100.3	12
37.3	101.2	36
37.3	104.0	1
37.3	104.6	20
37.3	108.4	3
37.3	111.9	9
37.3	115.1	1
37.3	118.1	12
37.3	118.5	1
37.3	120.0	2
37.3	120.2	1
37.3	120.8	2
37.3	121.2	3
37.3	121.3	9
37.3	121.4	11
37.3	121.5	9
37.3	121.6	11
37.3	121.7	9
37.3	121.8	5
37.3	122.0	5
37.3	122.4	8
37.3	122.5	3
37.3	122.6	96
37.3	126.6	49
37.3	126.8	7
37.3	127.0	46
37.3	127.3	14
37.3	127.4	2
37.3	127.7	14
37.3	127.9	5
37.4	-138.0	2
37.4	-122.2	1783
37.4	-122.1	405
37.4	-120.8	1
37.4	-120.7	4
37.4	-120.6	11
37.4	-120.5	6
37.4	-118.5	1
37.4	-80.5	325
37.4	-76.7	1
37.4	-7.8	1
37.4	-6.0	1
37.4	-4.1	1
37.4	-2.9	1
37.4	-0.3	5
37.4	12.5	13
37.4	96.8	1
37.4	101.1	42
37.4	101.2	30
37.4	101.5	1
37.4	105.0	14
37.4	105.2	50
37.4	107.0	18
37.4	107.1	3
37.4	111.4	1
37.4	112.3	2
37.4	112.6	1
37.4	113.0	1
37.4	115.5	1
37.4	116.2	36
37.4	117.9	1
37.4	118.0	1
37.4	118.9	1
37.4	119.2	2
37.4	119.8	4
37.4	119.9	4
37.4	120.0	1
37.4	120.1	5
37.4	120.8	1
37.4	120.9	1
37.4	121.0	1
37.4	121.1	1
37.4	121.5	2
37.4	122.3	4
37.4	126.9	1
37.4	127.5	14
37.4	127.6	1
37.4	128.7	14
37.4	138.9	3
37.5	-122.2	1
37.5	-122.1	11
37.5	-120.6	1
37.5	-120.5	1
37.5	-120.0	2
37.5	-77.4	59
37.5	-76.8	1
37.5	-76.2	7
37.5	-5.8	1
37.5	-5.3	1
37.5	-5.2	1
37.5	-2.6	1
37.5	13.3	1
37.5	15.5	2
37.5	17.2	1
37.5	79.6	3
37.5	89.8	4
37.5	89.9	4
37.5	94.0	1
37.5	105.0	8
37.5	105.6	1
37.5	105.7	1
37.5	105.8	24
37.5	106.2	32
37.5	108.1	1
37.5	112.3	2
37.5	114.8	1
37.5	118.9	1
37.5	119.1	1
37.5	119.6	2
37.5	119.7	2
37.5	119.9	3
37.5	120.0	6
37.5	120.1	8
37.5	120.2	2
37.5	120.6	6
37.5	121.0	2
37.5	121.4	19
37.5	121.8	2
37.5	122.1	350
37.5	126.9	57
37.5	127.0	511
37.5	127.1	443
37.5	127.2	25
37.5	127.3	9
37.5	127.4	11
37.5	127.5	23
37.5	127.6	11
37.5	127.7	9
37.5	127.8	11
37.5	127.9	9
37.5	128.0	5
37.5	128.5	4
37.5	140.1	2
37.5	140.6	9
37.6	-122.9	7
37.6	-122.3	15
37.6	-122.2	12
37.6	-122.0	3
37.6	-113.7	3
37.6	-68.4	8
37.6	-50.7	6
37.6	-7.5	1
37.6	-2.3	1
37.6	23.4	51
37.6	29.1	1
37.6	29.6	1
37.6	80.1	3
37.6	89.1	6
37.6	89.2	4
37.6	100.4	13
37.6	101.4	27
37.6	102.4	32
37.6	110.5	1
37.6	112.1	1
37.6	112.4	9
37.6	112.8	1
37.6	114.8	1
37.6	116.0	1
37.6	118.0	1
37.6	120.0	5
37.6	120.1	4
37.6	120.4	1
37.6	120.6	2
37.6	120.9	4
37.6	126.8	13
37.6	126.9	232
37.6	127.0	1748
37.6	127.1	16
37.6	127.2	14
37.6	127.3	1
37.6	128.9	2
37.6	140.6	1
37.6	140.7	3
37.7	-122.4	140
37.7	-122.3	4
37.7	-122.2	2
37.7	-121.7	30
37.7	-121.1	23
37.7	-97.4	7
37.7	-89.2	12
37.7	-77.6	2
37.7	-64.2	1
37.7	-6.6	1
37.7	100.1	7
37.7	100.2	3
37.7	101.3	19
37.7	107.0	1
37.7	107.5	1
37.7	112.5	1
37.7	112.7	1
37.7	113.2	5
37.7	113.3	9
37.7	113.4	11
37.7	113.5	9
37.7	113.6	2
37.7	113.8	60
37.7	114.9	6
37.7	115.6	1
37.7	115.7	1
37.7	116.7	1
37.7	117.1	5
37.7	117.2	8
37.7	117.5	1
37.7	117.6	1
37.7	117.7	1
37.7	117.8	1
37.7	117.9	1
37.7	119.0	1
37.7	120.0	1
37.7	120.4	3
37.7	120.9	2
37.7	126.4	8
37.7	126.7	14
37.7	126.8	1
37.7	127.4	14
37.7	128.0	21
37.7	139.3	2
37.8	-122.5	1042
37.8	-122.4	332
37.8	-122.3	4
37.8	-122.2	3
37.8	-122.0	2
37.8	-121.6	3
37.8	-120.5	1
37.8	-119.4	4
37.8	-90.2	2
37.8	-31.5	23
37.8	-4.6	1
37.8	-4.2	1
37.8	-3.8	5
37.8	-0.8	2
37.8	45.3	1
37.8	100.1	20
37.8	107.4	1
37.8	112.6	24
37.8	115.7	1
37.8	117.3	1
37.8	118.5	1
37.8	118.8	44
37.8	119.1	29
37.8	119.2	14
37.8	120.1	1
37.8	120.2	2
37.8	120.4	1
37.8	120.7	2
37.8	120.8	5
37.8	127.5	1
37.8	127.7	14
37.9	-122.5	5
37.9	-122.3	8
37.9	-122.2	5
37.9	-120.5	1
37.9	-119.6	2
37.9	-109.5	1
37.9	-86.7	2
37.9	-76.2	6
37.9	-31.5	2
37.9	-4.8	356
37.9	-4.0	1
37.9	-3.7	2
37.9	-2.3	1
37.9	12.5	1
37.9	12.7	4
37.9	14.7	1
37.9	23.6	1
37.9	23.9	2
37.9	80.5	3
37.9	95.3	1
37.9	100.3	32
37.9	102.6	4
37.9	102.9	13
37.9	109.3	1
37.9	112.5	165
37.9	112.6	22
37.9	113.6	1
37.9	114.3	1
37.9	114.4	1
37.9	114.7	20
37.9	114.8	11
37.9	114.9	7
37.9	115.7	1
37.9	116.3	1
37.9	118.3	2
37.9	118.5	1
37.9	118.8	5
37.9	118.9	1
37.9	120.1	1
37.9	126.7	6
37.9	126.8	8
37.9	127.7	432
37.9	127.8	8
38.0	-122.5	47
38.0	-122.4	5
38.0	-122.2	3
38.0	-121.9	10
38.0	-121.8	2
38.0	-121.6	14
38.0	-121.5	9
38.0	-121.3	8
38.0	-121.0	4
38.0	-120.9	2
38.0	-109.5	2
38.0	-97.0	38
38.0	-84.5	20
38.0	-78.5	497
38.0	-75.9	2
38.0	-8.3	1
38.0	-8.1	1
38.0	-4.5	1
38.0	-3.9	1
38.0	4.0	7
38.0	13.0	12
38.0	14.5	1
38.0	22.6	1
38.0	23.4	1
38.0	23.7	6
38.0	91.2	1
38.0	100.7	6
38.0	105.0	19
38.0	106.6	2
38.0	107.4	1
38.0	111.9	1
38.0	112.5	1
38.0	114.0	28
38.0	114.3	122
38.0	114.5	4
38.0	114.8	2
38.0	115.2	1
38.0	116.9	1
38.0	117.1	1
38.0	118.8	6
38.0	120.6	1
38.0	120.7	1
38.0	121.0	1
38.0	127.8	20
38.0	141.1	56
38.0	141.3	48
38.0	147.2	20
38.0	150.0	1
38.1	-122.3	8
38.1	-122.2	1
38.1	-122.1	1
38.1	-121.9	1
38.1	-121.8	14
38.1	-121.7	32
38.1	-121.6	19
38.1	-75.4	83
38.1	-7.5	1
38.1	-1.2	1
38.1	-1.0	9
38.1	-0.2	8
38.1	15.3	1
38.1	77.1	1
38.1	90.6	4
38.1	91.0	1
38.1	91.1	7
38.1	106.5	4
38.1	106.6	5
38.1	107.0	3
38.1	114.4	1
38.1	115.2	1
38.1	116.2	21
38.1	116.3	27
38.1	116.4	31
38.1	116.5	27
38.1	116.6	26
38.1	116.7	12
38.1	116.8	4
38.1	118.6	6
38.1	122.9	2
38.1	127.8	14
38.2	-122.4	3
38.2	-122.0	32
38.2	-121.7	1
38.2	-109.4	2
38.2	-85.8	318
38.2	-75.9	4
38.2	-1.7	1
38.2	-1.4	1
38.2	-0.6	3
38.2	15.6	1
38.2	90.8	2
38.2	105.9	1
38.2	106.0	2
38.2	112.7	1
38.2	114.2	36
38.2	114.7	1
38.2	114.9	2
38.2	116.2	1
38.2	117.2	1
38.2	120.1	1
38.2	122.1	3
38.2	122.2	1
38.2	128.7	12
38.2	140.2	6
38.3	-123.1	64
38.3	-123.0	3
38.3	-122.1	4
38.3	-108.7	1
38.3	-85.8	12
38.3	-68.9	8
38.3	-2.6	1
38.3	-0.4	1
38.3	77.1	1
38.3	90.8	1
38.3	91.3	1
38.3	101.2	1
38.3	105.9	2
38.3	106.0	2
38.3	106.2	6
38.3	116.4	98
38.3	117.9	1
38.3	118.2	1
38.3	140.8	3
38.4	-122.6	1
38.4	-122.5	3
38.4	-122.3	29
38.4	-117.5	2
38.4	-109.4	28
38.4	-85.7	2
38.4	-81.7	2
38.4	-76.3	7
38.4	-4.9	25
38.4	23.3	1
38.4	90.0	2
38.4	91.1	6
38.4	102.2	5
38.4	102.7	1
38.4	106.0	10
38.4	106.4	3
38.4	108.4	1
38.4	112.7	1
38.4	114.9	1
38.5	-122.4	2
38.5	-121.9	248
38.5	-121.8	459
38.5	-121.7	66
38.5	-121.5	1
38.5	-108.8	2
38.5	-107.8	1
38.5	-76.3	2
38.5	-75.8	2
38.5	-18.6	1
38.5	-1.7	1
38.5	-0.3	11
38.5	20.2	2
38.5	22.8	1
38.5	91.1	3
38.5	91.2	5
38.5	91.3	1
38.5	91.9	3
38.5	100.3	5
38.5	100.4	5
38.5	106.1	1
38.5	106.2	20
38.5	106.3	8
38.5	106.4	10
38.5	106.5	7
38.5	106.6	9
38.5	106.7	8
38.5	106.8	6
38.5	106.9	7
38.5	107.0	1
38.5	112.7	1
38.5	112.8	1
38.5	113.0	1
38.5	115.0	19
38.5	115.4	66
38.5	116.4	1
38.5	116.9	1
38.5	121.3	2
38.5	121.7	3
38.5	122.2	2
38.5	122.6	1
38.5	123.7	3
38.5	141.1	1
38.5	142.3	9
38.6	-121.5	3
38.6	-121.4	1
38.6	-90.3	3347
38.6	-90.2	1570
38.6	-89.9	1
38.6	-77.6	22
38.6	-76.4	13
38.6	-76.1	2
38.6	15.1	4
38.6	91.0	3
38.6	103.1	15
38.6	103.2	6
38.6	105.5	10
38.6	106.1	2
38.6	106.2	1
38.6	117.3	2
38.6	117.6	2
38.6	121.4	2
38.6	122.7	2
38.6	123.0	1
38.7	-122.6	11
38.7	-122.5	13
38.7	-120.4	1
38.7	-108.3	1
38.7	-108.2	1
38.7	-91.4	6
38.7	-90.3	2
38.7	-82.8	2
38.7	-76.0	2
38.7	-75.8	2
38.7	-69.1	8
38.7	-9.2	1
38.7	-9.1	2
38.7	-8.0	4
38.7	-6.5	1
38.7	-6.4	89
38.7	-3.9	1
38.7	-1.5	1
38.7	41.5	4
38.7	100.6	1
38.7	100.7	1
38.7	103.0	1
38.7	106.1	2
38.7	111.8	2
38.7	115.6	1
38.7	116.8	1
38.7	117.5	4
38.7	117.6	43
38.7	119.5	3
38.8	-123.0	2
38.8	-122.4	7
38.8	-121.1	2
38.8	-120.4	5
38.8	-120.3	4
38.8	-109.2	3
38.8	-106.5	1041
38.8	-104.9	3
38.8	-94.8	3
38.8	-94.7	3
38.8	-94.6	3
38.8	-90.5	28
38.8	-77.5	1
38.8	-77.0	5
38.8	-75.9	2
38.8	-75.2	15
38.8	-75.1	1
38.8	-3.6	1
38.8	0.2	1
38.8	15.2	1
38.8	22.5	18
38.8	25.3	2
38.8	72.2	1
38.8	101.1	1
38.8	106.7	1
38.8	112.7	1
38.8	115.4	1
38.8	115.8	10
38.8	116.0	24
38.8	117.3	1
38.8	117.6	1
38.8	122.2	3
38.8	140.7	2
38.9	-123.1	2
38.9	-122.6	3
38.9	-122.4	77
38.9	-120.6	104
38.9	-120.4	2
38.9	-110.1	62
38.9	-107.1	21
38.9	-107.0	137
38.9	-106.9	60
38.9	-99.3	12
38.9	-96.4	22
38.9	-94.8	3
38.9	-94.7	15
38.9	-94.6	29
38.9	-92.4	4
38.9	-92.3	23
38.9	-92.2	1
38.9	-78.2	1
38.9	-78.1	39
38.9	-77.2	292
38.9	-77.1	6
38.9	-77.0	4890
38.9	-76.6	2
38.9	-76.5	2
38.9	-76.1	24
38.9	-6.2	1
38.9	-4.0	1
38.9	-3.3	1
38.9	-2.6	2
38.9	-1.5	1
38.9	100.4	5
38.9	106.2	1
38.9	115.5	1
38.9	115.9	19
38.9	116.1	9
38.9	116.3	1
38.9	117.2	1
38.9	117.5	3
38.9	121.5	2
38.9	121.6	68
38.9	121.7	48
38.9	123.0	1
39.0	-123.1	27
39.0	-122.8	5
39.0	-120.9	2
39.0	-120.5	2
39.0	-120.4	2
39.0	-114.2	1
39.0	-108.6	1
39.0	-107.1	89
39.0	-107.0	157
39.0	-99.1	14
39.0	-95.2	2
39.0	-95.0	3
39.0	-94.6	6
39.0	-94.5	3
39.0	-92.3	2
39.0	-85.9	2
39.0	-77.2	2
39.0	-77.1	3015
39.0	-77.0	361
39.0	-76.9	52
39.0	-76.6	56
39.0	-76.5	8
39.0	-76.4	37
39.0	-76.3	18
39.0	-75.7	9
39.0	-52.5	2
39.0	9.0	59
39.0	17.1	15
39.0	22.9	1
39.0	104.0	1
39.0	112.7	1
39.0	115.9	36
39.0	116.0	210
39.0	116.1	45
39.0	117.0	2
39.0	117.1	2
39.0	117.2	2
39.0	117.4	42
39.0	117.7	19
39.0	118.2	1
39.0	118.3	8
39.0	118.4	1
39.0	121.0	153
39.0	121.5	1
39.0	122.0	445
39.0	122.1	1
39.0	122.2	3
39.0	122.7	1
39.0	141.7	228
39.1	-122.9	1
39.1	-122.8	2
39.1	-120.8	1
39.1	-105.1	2
39.1	-96.6	54
39.1	-96.4	20
39.1	-95.6	218
39.1	-94.5	9
39.1	-86.5	12
39.1	-84.5	1013
39.1	-78.1	2
39.1	-78.0	17
39.1	-77.5	48
39.1	-77.2	44
39.1	-76.9	6
39.1	-76.8	16
39.1	-76.5	2
39.1	-76.4	2
39.1	-3.8	1
39.1	-1.5	1
39.1	-1.3	1
39.1	-0.6	12
39.1	5.8	2
39.1	5.9	3
39.1	21.8	6
39.1	100.1	1
39.1	106.0	3
39.1	115.8	54
39.1	115.9	25
39.1	116.0	3
39.1	116.1	18
39.1	116.2	9
39.1	117.1	19
39.1	117.2	83
39.1	117.3	3
39.1	117.6	1
39.1	117.7	9
39.1	141.7	114
39.2	-122.2	1
39.2	-121.4	10
39.2	-121.3	19
39.2	-120.6	1
39.2	-96.6	422
39.2	-78.2	2
39.2	-77.5	2
39.2	-76.9	10
39.2	-76.6	2
39.2	-76.4	80
39.2	-70.0	8
39.2	-9.3	1
39.2	-0.2	1
39.2	5.9	4
39.2	8.5	1
39.2	9.1	1
39.2	77.8	1
39.2	97.8	1
39.2	106.8	1
39.2	111.0	1
39.2	113.4	2
39.2	114.6	1
39.2	115.4	46
39.2	116.2	1
39.2	117.0	1
39.2	117.1	3
39.2	117.2	1
39.2	117.3	2
39.2	117.6	4
39.2	117.7	3
39.2	118.0	1
39.2	118.6	1
39.2	121.5	1
39.2	122.0	10
39.2	122.1	2
39.2	122.3	1
39.2	122.5	3
39.2	122.6	1
39.3	-122.2	40
39.3	-111.1	715
39.3	-108.3	1
39.3	-108.2	3
39.3	-107.5	18
39.3	-82.1	3
39.3	-76.6	1172
39.3	-2.5	1
39.3	16.6	1
39.3	22.6	1
39.3	114.2	1
39.3	115.2	24
39.3	116.1	55
39.3	116.2	65
39.3	116.3	34
39.3	116.4	11
39.3	116.5	10
39.3	116.6	13
39.3	116.7	10
39.3	116.8	12
39.3	116.9	9
39.3	117.0	6
39.3	117.1	1
39.3	117.5	2
39.3	117.6	4
39.3	118.8	1
39.3	119.7	1
39.3	121.8	1
39.3	122.0	1
39.3	122.2	1
39.3	122.4	1
39.3	122.5	3
39.4	-123.1	2
39.4	-122.5	2
39.4	-77.9	6
39.4	-77.7	2
39.4	-76.6	220
39.4	-9.4	3
39.4	-8.2	20
39.4	-3.4	1
39.4	-1.7	1
39.4	9.2	4
39.4	19.4	8
39.4	22.8	1
39.4	72.9	2
39.4	99.8	4
39.4	99.9	8
39.4	106.3	1
39.4	108.7	5
39.4	109.5	1
39.4	112.6	2
39.4	113.0	1
39.4	113.1	1
39.4	115.4	5
39.4	115.7	1
39.4	116.3	12
39.4	116.4	1
39.4	117.3	1
39.4	117.5	2
39.4	119.3	8
39.4	121.6	1
39.4	122.5	1
39.4	122.6	2
39.4	122.8	2
39.5	-121.2	2
39.5	-119.8	18
39.5	-118.9	12
39.5	-118.8	2
39.5	-96.6	1
39.5	-78.6	2
39.5	-77.4	2
39.5	-64.1	1
39.5	-8.8	1
39.5	-2.5	1
39.5	-2.0	1
39.5	-1.9	1
39.5	-0.6	1
39.5	-0.5	87
39.5	-0.4	214
39.5	0.4	303
39.5	2.5	7
39.5	2.9	3
39.5	22.4	1
39.5	72.9	2
39.5	94.9	1
39.5	96.5	4
39.5	111.8	3
39.5	112.8	2
39.5	113.0	1
39.5	115.1	1
39.5	115.8	2
39.5	115.9	8
39.5	116.2	1272
39.5	116.3	73
39.5	116.4	8
39.5	116.5	7
39.5	116.6	6
39.5	116.8	1
39.5	117.0	1
39.5	117.5	4
39.5	117.7	1
39.5	119.3	2
39.5	121.7	1
39.6	-123.6	1
39.6	-82.6	45
39.6	-80.0	2
39.6	-78.4	2
39.6	-78.3	2
39.6	-77.3	4
39.6	-75.1	320
39.6	-6.5	1
39.6	-2.6	1
39.6	-2.3	1
39.6	17.4	2
39.6	20.1	3
39.6	20.3	3
39.6	79.9	1
39.6	98.8	1
39.6	105.8	1
39.6	109.8	116
39.6	113.0	1
39.6	116.0	1
39.6	116.1	41
39.6	116.2	417
39.6	116.3	37
39.6	116.4	21
39.6	116.5	9
39.6	116.6	12
39.6	116.7	10
39.6	116.8	12
39.6	116.9	9
39.6	117.0	8
39.6	117.1	3
39.6	117.2	12
39.6	117.3	9
39.6	117.4	15
39.6	117.5	7
39.6	118.4	1
39.6	119.2	1
39.6	122.0	1
39.6	122.6	2
39.6	123.0	2
39.6	124.2	2
39.6	140.3	10
39.7	-123.7	41
39.7	-123.6	137
39.7	-122.6	2
39.7	-121.5	2
39.7	-105.0	495
39.7	-104.8	368
39.7	-85.6	65
39.7	-83.9	4
39.7	-78.6	2
39.7	-77.9	2
39.7	-76.7	2
39.7	-76.2	4
39.7	-69.9	7
39.7	-17.7	1
39.7	-4.2	1
39.7	-3.1	1
39.7	-1.1	9
39.7	-0.9	9
39.7	15.9	1
39.7	20.6	7
39.7	20.8	2
39.7	99.6	1
39.7	113.0	1
39.7	115.8	1
39.7	116.0	1
39.7	116.1	1
39.7	116.2	1
39.7	116.3	1
39.7	116.4	2
39.7	116.5	1
39.7	116.6	2
39.7	116.8	1
39.7	116.9	3
39.7	117.1	4
39.7	117.2	3
39.7	117.3	142
39.7	117.5	1
39.7	117.8	1
39.7	119.0	1
39.7	122.5	1
39.8	-123.7	8
39.8	-123.6	2
39.8	-123.1	6
39.8	-105.0	1
39.8	-102.4	49
39.8	-89.6	2
39.8	-86.2	96
39.8	-84.2	1
39.8	17.4	2
39.8	74.9	3
39.8	76.5	3
39.8	98.6	1
39.8	116.0	8
39.8	116.1	134
39.8	116.2	2
39.8	116.3	126
39.8	116.4	14
39.8	116.5	9
39.8	116.6	13
39.8	116.7	9
39.8	116.8	12
39.8	116.9	9
39.8	117.0	9
39.8	117.2	5
39.8	117.3	1
39.8	117.5	1
39.8	117.9	1
39.8	119.4	1
39.8	119.5	4
39.8	122.7	1
39.8	123.5	1
39.8	123.7	8
39.8	140.1	1
39.8	141.1	1
39.9	-123.8	3
39.9	-123.7	3
39.9	-122.2	1
39.9	-106.0	6
39.9	-105.9	29
39.9	-105.6	5
39.9	-105.1	2
39.9	-104.3	1
39.9	-79.8	35
39.9	-75.8	62
39.9	-75.2	1396
39.9	-7.5	1
39.9	-4.8	2
39.9	-3.6	1
39.9	9.6	30
39.9	17.4	1
39.9	32.5	3
39.9	32.9	63
39.9	111.7	3
39.9	113.2	23
39.9	113.3	27
39.9	113.4	25
39.9	113.5	18
39.9	113.6	22
39.9	113.7	17
39.9	113.8	16
39.9	113.9	8
39.9	114.0	1
39.9	116.0	187
39.9	116.1	39
39.9	116.2	242
39.9	116.3	823
39.9	116.4	1487
39.9	116.5	343
39.9	116.6	48
39.9	116.7	23
39.9	116.8	23
39.9	116.9	9
39.9	117.0	7
39.9	117.1	1
39.9	119.1	5
39.9	119.2	11
39.9	119.3	6
39.9	119.4	1
39.9	119.5	2
39.9	119.6	1
39.9	119.7	1
39.9	119.8	1
39.9	119.9	1
39.9	122.2	1
39.9	123.1	1
39.9	140.2	1
40.0	-123.8	6
40.0	-121.2	2
40.0	-111.0	2
40.0	-105.6	4
40.0	-105.5	33
40.0	-105.4	3
40.0	-105.3	709
40.0	-105.2	12
40.0	-92.2	26
40.0	-83.0	144
40.0	-75.2	3593
40.0	-2.1	5
40.0	-1.9	19
40.0	22.2	1
40.0	110.5	39
40.0	111.0	34
40.0	111.7	20
40.0	113.9	1
40.0	115.4	4
40.0	116.0	151
40.0	116.1	5
40.0	116.2	4
40.0	116.3	260
40.0	116.4	207
40.0	116.5	4
40.0	116.6	7
40.0	116.7	9
40.0	116.8	18
40.0	116.9	5
40.0	117.3	1
40.0	117.5	21
40.0	119.5	1
40.0	122.7	1
40.0	123.8	1
40.0	124.0	6
40.0	124.1	9
40.0	124.2	11
40.0	124.3	9
40.0	124.4	10
40.0	139.0	3
40.0	140.9	1
40.1	-107.2	3
40.1	-105.6	4
40.1	-88.3	29
40.1	-88.2	403
40.1	-82.5	1
40.1	-75.0	4
40.1	-74.4	2
40.1	-3.4	31
40.1	8.6	4
40.1	9.0	16
40.1	95.1	3
40.1	99.4	1
40.1	111.7	36
40.1	116.2	21
40.1	116.3	33
40.1	116.4	50
40.1	116.5	3
40.1	116.6	1
40.1	116.7	7
40.1	116.9	10
40.1	117.0	1
40.2	-123.8	4
40.2	-123.6	5
40.2	-112.5	5
40.2	-112.4	2
40.2	-111.7	3
40.2	-105.5	2
40.2	-80.2	3
40.2	-74.8	5
40.2	-21.9	1
40.2	-8.8	1
40.2	22.5	18
40.2	66.0	1
40.2	97.9	1
40.2	107.0	10
40.2	111.7	44
40.2	112.3	3
40.2	116.2	71
40.2	116.5	1
40.2	116.6	1
40.2	116.8	22
40.2	117.1	1
40.2	117.2	1
40.2	120.1	1
40.3	-123.9	2
40.3	-112.9	3
40.3	-111.8	3
40.3	-89.9	11
40.3	-86.1	26
40.3	-76.9	1
40.3	-76.7	64
40.3	-76.6	33
40.3	-3.4	5
40.3	-0.6	1
40.3	18.2	1
40.3	21.0	1
40.3	65.9	2
40.3	93.7	6
40.3	93.8	1
40.3	97.0	9
40.3	97.1	10
40.3	111.7	36
40.3	114.6	1
40.3	116.2	41
40.3	116.3	351
40.3	116.5	1
40.3	116.6	1
40.3	116.8	24
40.4	-124.0	3
40.4	-123.9	5
40.4	-106.2	15
40.4	-106.1	20
40.4	-106.0	4
40.4	-87.0	36
40.4	-82.5	12
40.4	-82.4	6
40.4	-80.0	1710
40.4	-79.9	52
40.4	-74.6	38
40.4	-5.4	1
40.4	-3.7	721
40.4	16.2	1
40.4	22.6	1
40.4	23.5	1
40.4	28.0	13
40.4	95.6	1
40.4	97.0	1
40.4	111.7	44
40.4	113.3	2
40.4	113.4	1
40.4	113.5	1
40.4	113.6	2
40.4	114.4	1
40.4	115.3	1
40.4	115.4	1
40.4	115.9	1
40.4	116.0	2
40.4	116.7	4
40.4	116.8	6
40.4	116.9	2
40.4	117.0	4
40.4	120.2	1
40.4	140.7	4
40.4	140.8	4
40.5	-124.8	1
40.5	-123.8	1
40.5	-106.1	11
40.5	-103.0	20
40.5	-98.1	69
40.5	-98.0	72
40.5	-84.6	1
40.5	-84.5	3
40.5	-80.0	1
40.5	-79.9	426
40.5	-79.7	7
40.5	-74.8	3
40.5	-74.5	210
40.5	-74.4	150
40.5	-74.3	2
40.5	-6.5	1
40.5	-4.6	1
40.5	-3.7	269
40.5	0.5	1
40.5	3.7	677
40.5	16.4	1
40.5	16.5	2
40.5	79.4	10
40.5	81.3	3
40.5	86.6	18
40.5	106.7	1
40.5	107.1	6
40.5	110.1	50
40.5	110.2	58
40.5	110.4	2
40.5	110.5	353
40.5	110.6	11
40.5	110.7	9
40.5	110.8	11
40.5	110.9	9
40.5	111.0	5
40.5	111.4	722
40.5	111.5	16
40.5	111.6	11
40.5	111.7	19
40.5	111.8	48
40.5	116.0	13
40.5	121.6	1
40.5	123.8	1
40.5	124.1	1
40.6	-109.6	2
40.6	-105.1	33
40.6	-74.9	6
40.6	-74.0	15
40.6	-8.7	1
40.6	-4.5	1
40.6	-1.3	1
40.6	-1.0	1
40.6	2.9	1
40.6	15.0	2
40.6	15.4	1
40.6	22.9	1
40.6	79.7	3
40.6	81.3	9
40.6	109.8	1
40.6	110.8	13
40.6	112.7	24
40.6	112.8	12
40.6	114.9	1
40.6	116.8	8
40.6	117.1	1
40.6	117.5	9
40.6	139.9	3
40.7	-119.4	2
40.7	-111.9	1
40.7	-111.7	2
40.7	-109.6	2
40.7	-109.5	2
40.7	-78.0	24
40.7	-76.8	4
40.7	-74.9	3
40.7	-74.0	1132
40.7	-73.8	1
40.7	-6.7	1
40.7	-5.5	1
40.7	-4.3	1
40.7	-4.2	1
40.7	-0.8	1
40.7	2.9	5
40.7	9.0	1
40.7	15.2	3
40.7	15.3	2
40.7	22.8	2
40.7	80.0	88
40.7	80.4	1
40.7	87.6	1
40.7	87.7	1
40.7	104.5	3
40.7	106.8	1
40.7	107.2	1
40.7	109.9	1
40.7	111.3	1
40.7	116.6	5
40.7	116.8	3
40.7	117.1	3
40.7	117.2	5
40.7	120.0	15
40.7	121.8	3
40.7	121.9	9
40.8	-122.9	1
40.8	-111.9	714
40.8	-111.8	27
40.8	-111.0	2
40.8	-109.7	2
40.8	-104.8	15
40.8	-104.7	22
40.8	-96.7	869
40.8	-88.7	1
40.8	-81.9	46
40.8	-77.9	75
40.8	-76.3	81
40.8	-74.0	2400
40.8	-73.9	53
40.8	-73.6	1
40.8	-5.0	1
40.8	-4.9	1
40.8	-4.3	1
40.8	-3.2	1
40.8	-3.1	1
40.8	-2.9	1
40.8	-1.7	1
40.8	-1.5	1
40.8	-0.9	1
40.8	14.1	15
40.8	14.2	24
40.8	14.3	209
40.8	84.3	20
40.8	87.1	1
40.8	111.6	54
40.8	111.7	370
40.8	114.9	1
40.8	120.2	1
40.8	120.8	1
40.8	121.8	2
40.8	121.9	3
40.8	122.3	1
40.8	122.4	1
40.8	124.7	1
40.8	124.8	4
40.9	-122.9	1
40.9	-106.6	1
40.9	-104.7	8
40.9	-100.9	11
40.9	-96.7	2
40.9	-77.8	45
40.9	-76.5	4
40.9	-73.8	16
40.9	-73.5	1
40.9	-7.5	1
40.9	-1.6	1
40.9	9.5	1
40.9	14.2	20
40.9	14.3	1
40.9	83.1	3
40.9	106.8	1
40.9	107.2	1
40.9	107.9	1
40.9	108.8	1
40.9	113.2	18
40.9	114.9	1
40.9	117.9	1
40.9	118.0	1
40.9	120.9	1
40.9	121.0	1
40.9	121.5	12
40.9	121.8	3
40.9	123.2	3
41.0	-106.6	21
41.0	-106.5	3
41.0	-88.0	4
41.0	-73.5	1
41.0	-50.0	1
41.0	-9.0	2
41.0	-8.2	1
41.0	-7.7	1
41.0	-6.9	48
41.0	-5.0	1
41.0	-1.2	1
41.0	2.0	4
41.0	29.0	18
41.0	29.2	68
41.0	44.1	21
41.0	82.5	3
41.0	107.0	46
41.0	117.8	1
41.0	118.0	6
41.0	119.6	1
41.0	122.4	4
41.0	124.8	1
41.1	-112.3	1
41.1	-111.9	1
41.1	-111.8	1
41.1	-106.2	4
41.1	-106.1	5
41.1	-106.0	2
41.1	-104.8	27
41.1	-85.1	1305
41.1	-81.5	4
41.1	-78.7	26
41.1	-73.8	258
41.1	-73.6	2
41.1	-8.7	12
41.1	-6.3	1
41.1	-3.3	1
41.1	1.2	11
41.1	13.9	3
41.1	14.3	15
41.1	16.1	1
41.1	16.9	13
41.1	26.1	1
41.1	114.0	1
41.1	121.1	1
41.1	121.4	2
41.1	122.9	1
41.1	123.7	1
41.1	124.1	1
41.2	-96.4	12
41.2	-82.3	3
41.2	-80.9	1
41.2	-78.5	1
41.2	-77.2	14
41.2	-71.6	16
41.2	-8.6	1
41.2	-7.9	1
41.2	-7.5	1
41.2	-0.2	8
41.2	0.1	1
41.2	1.1	9
41.2	1.2	681
41.2	8.6	2
41.2	12.3	82
41.2	14.3	5
41.2	14.4	5
41.2	15.9	16
41.2	68.0	1
41.2	82.9	3
41.2	114.8	1
41.2	115.4	1
41.2	116.6	60
41.2	116.7	9
41.2	116.8	11
41.2	116.9	3
41.2	119.4	1
41.2	123.1	1
41.2	128.1	2
41.2	142.2	10
41.3	-122.3	5
41.3	-105.6	19
41.3	-103.4	1
41.3	-83.3	1
41.3	-72.9	155
41.3	-8.7	1
41.3	-1.8	1
41.3	0.6	1
41.3	1.3	1
41.3	2.1	21
41.3	13.5	4
41.3	13.6	72
41.3	13.9	1
41.3	14.0	1
41.3	14.1	1
41.3	15.9	11
41.3	16.8	3
41.3	19.8	3
41.3	82.3	3
41.3	114.3	1
41.3	114.9	18
41.3	118.0	1
41.3	121.5	21
41.3	122.0	1
41.3	123.1	1
41.4	-103.2	2
41.4	-91.6	4
41.4	-72.9	7
41.4	-72.4	2
41.4	-71.7	1
41.4	-8.7	12
41.4	-4.4	1
41.4	-2.6	1
41.4	2.1	152
41.4	2.2	229
41.4	13.2	3
41.4	15.5	1
41.4	19.8	1
41.4	23.2	1
41.4	26.6	1
41.4	36.2	11
41.4	60.3	1
41.4	80.8	1
41.4	84.4	5
41.4	123.4	1
41.4	125.6	1
41.4	127.8	1
41.4	140.2	2
41.5	-90.8	21
41.5	-90.5	1
41.5	-83.0	1
41.5	-82.9	1
41.5	-82.7	1
41.5	-81.6	120
41.5	-72.8	1
41.5	-70.7	3
41.5	-70.6	2
41.5	-20.2	1
41.5	-7.5	1
41.5	-5.3	1
41.5	-5.0	1
41.5	-3.9	1
41.5	-3.3	1
41.5	-2.4	1
41.5	-1.2	1
41.5	-0.6	1
41.5	0.5	3
41.5	0.7	1
41.5	2.0	2
41.5	12.3	42
41.5	12.6	2
41.5	23.3	3
41.5	23.4	2
41.5	111.5	1
41.5	113.3	1
41.5	122.7	1
41.5	123.2	1
41.5	124.3	18
41.6	-87.4	3
41.6	-83.1	2
41.6	-83.0	5
41.6	-82.9	2
41.6	-72.9	1
41.6	-70.6	29
41.6	-7.6	1
41.6	-4.9	1
41.6	-4.8	1
41.6	-2.6	1
41.6	0.2	1
41.6	0.6	277
41.6	1.0	1
41.6	12.3	2
41.6	14.1	2
41.6	15.6	1
41.6	41.6	1
41.6	86.0	1
41.6	86.2	1
41.6	114.4	1
41.6	115.5	1
41.6	120.5	1
41.6	121.3	1
41.6	122.8	1
41.6	123.1	1
41.6	123.5	1
41.6	123.6	1
41.6	125.6	1
41.6	139.9	1
41.7	-91.5	346
41.7	-88.0	40
41.7	-87.6	10
41.7	-87.5	2
41.7	-87.0	3
41.7	-86.2	6
41.7	-83.7	6
41.7	-83.4	19
41.7	-83.3	152
41.7	-83.2	16
41.7	-83.1	17
41.7	-83.0	4
41.7	-82.9	7
41.7	-82.8	3
41.7	-73.9	5
41.7	-72.8	57
41.7	-70.3	1
41.7	-4.4	1
41.7	-1.1	1
41.7	0.9	1
41.7	2.8	141
41.7	12.5	1
41.7	15.3	2
41.7	15.4	5
41.7	16.2	1
41.7	24.7	1
41.7	41.7	1
41.7	84.1	19
41.7	85.7	36
41.7	103.1	3
41.7	106.4	3
41.7	123.3	1
41.7	125.9	45
41.7	126.1	2
41.7	141.0	7
41.8	-100.5	3
41.8	-88.4	2
41.8	-88.2	35
41.8	-87.8	1
41.8	-87.7	1
41.8	-87.6	512
41.8	-83.4	72
41.8	-83.3	145
41.8	-83.2	94
41.8	-83.1	10
41.8	-82.9	2
41.8	-81.7	2
41.8	-72.6	1
41.8	-72.4	2
41.8	-71.4	265
41.8	-70.8	15
41.8	-60.9	3
41.8	-5.5	1
41.8	-4.7	1
41.8	-3.4	2
41.8	-2.2	1
41.8	0.4	1
41.8	12.4	5
41.8	75.4	2
41.8	77.7	4
41.8	77.8	6
41.8	78.1	6
41.8	78.2	2
41.8	100.3	3
41.8	122.8	1
41.8	123.1	1
41.8	123.4	9
41.8	123.5	2
41.8	123.6	18
41.8	123.7	9
41.8	123.8	2
41.8	124.6	1
41.8	124.9	1
41.8	126.0	1
41.9	-122.4	6
41.9	-100.5	1
41.9	-93.1	4
41.9	-91.5	1
41.9	-89.4	15
41.9	-89.3	15
41.9	-87.8	7
41.9	-87.7	74
41.9	-87.6	1023
41.9	-83.6	1
41.9	-83.5	1
41.9	-83.3	1
41.9	-83.2	8
41.9	-74.1	12
41.9	-71.4	1735
41.9	-16.0	1
41.9	-0.6	1
41.9	0.2	1
41.9	12.4	44
41.9	12.5	85
41.9	12.6	340
41.9	45.3	4
41.9	75.4	3
41.9	77.7	4
41.9	84.4	18
41.9	85.8	3
41.9	97.1	3
41.9	107.9	3
41.9	115.8	21
41.9	118.7	1
41.9	123.6	2
41.9	123.8	1
41.9	124.0	2
41.9	127.6	4
41.9	127.7	4
41.9	146.3	6
42.0	-122.3	2
42.0	-100.5	1
42.0	-93.7	8
42.0	-93.6	234
42.0	-88.1	1
42.0	-88.0	3
42.0	-87.9	1
42.0	-87.7	80
42.0	-83.5	3
42.0	-83.4	2
42.0	-83.3	1
42.0	-72.6	9
42.0	-72.5	1
42.0	-71.5	2
42.0	-71.3	2
42.0	-8.1	1
42.0	-4.9	1
42.0	-3.0	9
42.0	-0.4	1
42.0	0.1	1
42.0	2.8	2102
42.0	12.9	4
42.0	13.6	1
42.0	21.5	5
42.0	41.7	2
42.0	77.9	1
42.0	83.0	3
42.0	113.0	32
42.0	123.4	1
42.0	123.5	9
42.0	126.5	1
42.0	127.0	9
42.0	127.6	2
42.0	128.4	1
42.0	140.9	4
42.1	-102.8	2
42.1	-81.2	5
42.1	-80.2	4
42.1	-71.6	1
42.1	-71.5	2
42.1	-71.4	1
42.1	-7.6	1
42.1	-5.7	1
42.1	-4.0	1
42.1	-1.1	1
42.1	-0.9	1
42.1	13.1	6
42.1	14.9	2
42.1	86.6	4
42.1	109.0	3
42.1	119.3	1
42.1	121.5	1
42.1	128.3	1
42.1	140.0	7
42.2	-121.5	1
42.2	-83.2	2
42.2	-72.0	1
42.2	-71.8	3
42.2	-71.6	1
42.2	-71.2	73
42.2	-71.1	27
42.2	-62.4	21
42.2	-62.3	13
42.2	-19.2	1
42.2	-8.8	13
42.2	-8.7	57
42.2	-7.7	1
42.2	-1.9	30
42.2	3.2	3
42.2	12.0	1
42.2	12.7	1
42.2	17.7	10
42.2	41.6	2
42.2	42.7	1
42.2	87.5	3
42.2	112.5	6
42.2	112.6	11
42.2	112.7	7
42.2	121.4	1
42.2	128.2	2
42.2	129.1	2
42.2	130.4	2
42.2	145.1	24
42.3	-100.7	14
42.3	-100.6	1
42.3	-87.9	2
42.3	-84.0	1
42.3	-83.8	3
42.3	-83.7	24
42.3	-83.0	43
42.3	-81.4	1
42.3	-76.3	4
42.3	-72.6	5
42.3	-72.1	20
42.3	-71.8	161
42.3	-71.7	1
42.3	-71.6	2
42.3	-71.2	2
42.3	-71.1	1203
42.3	-62.7	3
42.3	-8.7	1
42.3	-5.7	1
42.3	-4.7	1
42.3	-4.2	1
42.3	0.2	2
42.3	3.2	1
42.3	13.1	1
42.3	14.9	1
42.3	86.4	2
42.3	95.5	3
42.3	123.1	1
42.3	123.8	1
42.3	126.9	1
42.4	-121.5	2
42.4	-102.9	4
42.4	-88.6	1
42.4	-85.4	140
42.4	-83.1	6
42.4	-81.2	1
42.4	-76.5	842
42.4	-76.2	15
42.4	-72.3	9
42.4	-72.2	5
42.4	-71.9	2
42.4	-71.7	1
42.4	-71.4	94
42.4	-71.1	2459
42.4	-71.0	124
42.4	-61.3	3
42.4	-5.5	1
42.4	-4.9	1
42.4	-4.0	1
42.4	-3.7	1
42.4	11.3	1
42.4	11.7	1
42.4	11.8	1
42.4	12.1	2
42.4	19.2	2
42.4	19.3	1
42.4	22.7	2
42.4	26.5	1
42.4	74.5	4
42.4	86.4	9
42.4	122.7	1
42.4	123.0	1
42.4	123.9	1
42.4	128.0	15
42.4	128.1	2
42.4	128.2	1
42.4	128.3	1
42.4	128.4	1
42.4	129.1	6
42.5	-100.6	4
42.5	-81.3	2
42.5	-81.2	1
42.5	-79.9	4
42.5	-76.5	9
42.5	-76.4	12
42.5	-72.4	4
42.5	-72.3	30
42.5	-72.2	103
42.5	-71.8	2
42.5	-71.7	2
42.5	-70.9	1
42.5	-70.5	4
42.5	-70.2	2
42.5	-61.4	3
42.5	-8.9	1
42.5	-6.0	1
42.5	-3.9	1
42.5	-3.8	1
42.5	-3.2	1
42.5	-2.3	30
42.5	3.1	84
42.5	3.2	102
42.5	3.5	11
42.5	12.1	1
42.5	13.4	2
42.5	17.9	2
42.5	74.5	8
42.5	110.1	3
42.5	123.0	1
42.5	127.9	3
42.6	-108.8	2
42.6	-100.6	2
42.6	-85.4	5
42.6	-76.3	140
42.6	-72.2	16
42.6	-71.8	1
42.6	-70.7	3
42.6	-70.5	5
42.6	-70.2	2
42.6	-5.6	141
42.6	-1.2	1
42.6	0.8	3
42.6	2.0	2
42.6	2.1	2
42.6	21.2	1
42.6	26.5	1
42.6	27.1	1
42.6	129.5	2
42.6	140.8	2
42.6	141.5	8
42.6	141.9	1
42.7	-101.1	1
42.7	-101.0	1
42.7	-90.5	23
42.7	-87.8	2
42.7	-87.0	7
42.7	-84.5	12
42.7	-82.5	2
42.7	-77.5	1
42.7	-70.9	19
42.7	-70.8	69
42.7	-7.1	1
42.7	-2.9	1
42.7	-1.6	1
42.7	-0.0	1
42.7	3.0	21
42.7	10.2	16
42.7	11.9	1
42.7	23.1	1
42.7	23.3	13
42.7	122.6	1
42.7	126.1	1
42.7	127.0	1
42.7	141.6	2
42.8	-100.9	1
42.8	-70.9	26
42.8	-70.8	1
42.8	-65.5	6
42.8	-61.7	6
42.8	-8.5	1
42.8	-1.7	1
42.8	-0.3	2
42.8	0.1	2
42.8	1.4	25
42.8	10.1	27
42.8	10.4	1
42.8	11.4	1
42.8	23.4	5
42.8	28.9	1
42.8	123.0	1
42.9	-88.5	1
42.9	-87.9	4
42.9	-87.8	4
42.9	-78.9	1
42.9	-4.6	1
42.9	-3.5	1
42.9	3.0	18
42.9	13.6	9
42.9	24.2	1
42.9	30.7	30
42.9	89.0	1
42.9	120.6	1
42.9	123.3	1
42.9	125.2	1
42.9	128.4	1
42.9	129.6	1
43.0	-108.4	37
43.0	-89.4	7
43.0	-88.1	1
43.0	-88.0	79
43.0	-87.9	16
43.0	-81.2	208
43.0	-47.5	3
43.0	-15.2	1
43.0	-10.9	1
43.0	-8.8	1
43.0	-8.1	12
43.0	-5.6	1
43.0	-5.0	15
43.0	-3.5	1
43.0	-2.0	1
43.0	-1.0	1
43.0	1.3	16
43.0	3.0	14
43.0	23.3	1
43.0	86.4	48
43.0	124.0	36
43.0	124.3	1
43.0	125.0	18
43.0	127.7	3
43.0	127.8	1
43.0	128.6	1
43.0	141.4	11
43.1	-89.4	1606
43.1	-88.0	7
43.1	-87.9	2
43.1	-77.5	2
43.1	-73.6	1
43.1	-70.9	51
43.1	-8.3	1
43.1	-4.4	1
43.1	-3.6	1
43.1	3.1	16
43.1	6.0	4
43.1	10.8	1
43.1	12.2	3
43.1	23.8	1
43.1	25.3	1
43.1	43.1	4
43.1	43.2	13
43.1	86.8	23
43.2	-88.0	2
43.2	-86.6	18
43.2	-81.2	1
43.2	-79.9	9
43.2	-77.6	2
43.2	-9.0	1
43.2	2.2	1
43.2	5.3	1
43.2	10.8	2
43.2	10.9	2
43.2	13.0	1
43.2	13.5	1
43.2	13.8	4
43.2	27.9	1
43.2	28.0	1
43.2	29.0	4
43.2	41.7	2
43.2	42.6	2
43.2	42.7	18
43.2	42.8	2
43.2	81.1	23
43.2	87.2	1
43.2	112.9	1
43.2	124.5	1
43.2	125.6	3
43.2	129.3	4
43.2	132.1	1
43.3	-89.4	19
43.3	-89.3	134
43.3	-73.6	3
43.3	-6.4	1
43.3	-3.8	2
43.3	-3.4	1
43.3	-3.0	14
43.3	-2.9	22
43.3	-2.0	97
43.3	0.5	1
43.3	2.6	1
43.3	5.2	1
43.3	13.6	3
43.3	13.7	3
43.3	41.6	6
43.3	41.7	2
43.3	42.4	2
43.3	42.5	9
43.3	88.2	1
43.3	116.4	3
43.3	124.2	1
43.3	124.3	4
43.3	124.5	5
43.3	126.5	120
43.3	142.6	996
43.3	143.5	2
43.3	144.6	1
43.4	-124.3	3
43.4	-113.5	4
43.4	-92.4	1
43.4	-85.2	27
43.4	-80.6	2
43.4	-77.4	4
43.4	-5.9	117
43.4	-5.8	1
43.4	-5.0	1
43.4	-4.2	1
43.4	-3.0	1
43.4	-0.8	1
43.4	3.1	2
43.4	13.0	9
43.4	13.3	1
43.4	23.5	1
43.4	27.7	1
43.4	41.6	2
43.4	76.9	2
43.4	87.2	1
43.4	88.1	1
43.4	88.3	2
43.4	91.6	9
43.4	93.5	3
43.4	111.6	3
43.4	116.4	73
43.4	118.3	1
43.4	121.7	1
43.4	124.8	16
43.4	125.0	1
43.4	126.4	1
43.4	128.2	1
43.4	128.8	5
43.4	133.0	1
43.4	144.7	1
43.5	-116.3	21
43.5	-110.7	2
43.5	-80.5	2
43.5	-80.3	18
43.5	-80.2	19
43.5	-62.4	3
43.5	-6.7	1
43.5	-5.4	510
43.5	-5.3	1
43.5	-3.8	1
43.5	-3.1	4
43.5	1.5	120
43.5	3.3	1
43.5	5.2	21
43.5	10.2	2
43.5	10.3	2
43.5	13.4	1
43.5	16.0	4
43.5	23.1	1
43.5	25.0	1
43.5	32.5	4
43.5	116.7	5
43.5	123.4	1
43.5	124.8	18
43.5	128.8	6
43.6	-116.2	6
43.6	-110.0	1
43.6	-109.9	1
43.6	-96.2	214
43.6	-86.9	7
43.6	-80.3	3
43.6	-79.5	6
43.6	-79.4	19
43.6	-78.8	6
43.6	-70.3	2
43.6	3.9	4
43.6	4.4	10
43.6	5.5	15
43.6	7.0	78
43.6	10.2	1
43.6	10.3	2
43.6	13.5	2
43.6	13.6	2
43.6	16.5	1
43.6	24.5	1
43.6	29.5	2
43.6	30.6	4
43.6	92.8	4
43.6	112.1	5
43.6	116.7	1
43.6	121.6	10
43.6	121.7	18
43.6	121.8	11
43.6	125.2	20
43.6	125.8	3
43.6	127.7	1
43.7	-116.6	2
43.7	-93.0	154
43.7	-87.8	1
43.7	-84.3	3
43.7	-80.3	1
43.7	-79.4	128
43.7	-72.3	1246
43.7	-70.0	12
43.7	-16.9	9
43.7	-16.8	4
43.7	-7.8	1
43.7	4.1	260
43.7	7.3	15
43.7	15.9	12
43.7	20.7	1
43.7	24.6	1
43.7	26.4	1
43.7	31.2	4
43.7	80.7	1
43.7	92.8	2
43.7	93.2	1
43.7	124.3	1
43.7	125.1	1
43.7	126.0	1
43.8	-91.2	11
43.8	-88.8	4
43.8	-79.6	1
43.8	-79.5	1
43.8	-79.2	3
43.8	-69.6	12
43.8	-16.9	1
43.8	4.5	2
43.8	5.8	1
43.8	11.2	21
43.8	13.1	1
43.8	13.2	1
43.8	22.5	1
43.8	22.9	1
43.8	28.6	9
43.8	87.6	6
43.8	87.7	69
43.8	87.8	1
43.8	91.9	3
43.8	113.5	5
43.8	125.4	12
43.8	125.5	31
43.8	125.6	15
43.8	126.6	20
43.8	127.3	3
43.8	128.9	1
43.8	141.9	1
43.9	-122.8	18
43.9	-91.2	8
43.9	-79.9	1
43.9	-78.9	4
43.9	-78.0	1
43.9	-71.8	26
43.9	-69.6	1
43.9	-69.3	12
43.9	-60.1	121
43.9	-60.0	681
43.9	-59.9	749
43.9	-59.8	514
43.9	-17.1	1
43.9	-0.4	1
43.9	0.8	2
43.9	12.9	2
43.9	81.3	1
43.9	84.0	1
43.9	116.0	6
43.9	116.1	8
43.9	116.5	7
43.9	116.6	11
43.9	116.7	9
43.9	116.8	11
43.9	116.9	5
43.9	117.9	1
43.9	125.3	12
43.9	126.6	1
43.9	130.1	4
44.0	-124.1	2
44.0	-109.1	2
44.0	-96.3	57
44.0	-92.5	1641
44.0	-92.0	75
44.0	-82.4	5
44.0	-71.3	1
44.0	-60.2	11
44.0	-60.1	266
44.0	-59.8	359
44.0	-59.7	20
44.0	-16.6	3
44.0	-16.5	2
44.0	1.5	2
44.0	3.4	1
44.0	4.2	1
44.0	7.3	1
44.0	7.4	2
44.0	8.1	2
44.0	9.8	3
44.0	10.2	1
44.0	12.9	1
44.0	27.4	1
44.0	28.5	1
44.0	85.0	50
44.0	87.4	6
44.0	87.5	7
44.0	89.1	6
44.0	113.0	12
44.0	114.9	5
44.0	115.0	1
44.0	116.1	14
44.0	116.2	21
44.0	116.3	9
44.0	116.4	5
44.0	123.3	1
44.0	125.1	1
44.0	125.4	1
44.0	125.9	1
44.0	129.1	47
44.0	130.1	2
44.0	130.2	6
44.0	145.1	12
44.0	145.7	1
44.0	145.8	1
44.1	-121.3	7
44.1	-96.8	4
44.1	-79.6	1
44.1	-58.2	6
44.1	-16.5	2
44.1	9.8	3
44.1	30.8	3
44.1	85.0	25
44.1	88.9	1
44.1	116.3	1
44.1	116.4	4
44.1	123.9	6
44.1	125.0	3
44.1	125.1	9
44.1	125.2	10
44.1	125.7	1
44.1	128.6	6
44.1	155.0	8
44.2	-122.3	2
44.2	-122.2	35
44.2	-122.1	11
44.2	-110.7	1
44.2	-79.4	1
44.2	-78.4	1
44.2	2.3	1
44.2	5.3	23
44.2	23.6	1
44.2	28.2	1
44.2	80.6	1
44.2	84.5	12
44.2	85.5	6
44.2	85.6	22
44.2	85.7	18
44.2	85.8	2
44.2	86.0	11
44.2	116.3	18
44.2	117.7	1
44.2	125.8	2
44.3	-122.2	18
44.3	-109.3	2
44.3	-88.6	3
44.3	-85.6	212
44.3	-79.3	1
44.3	-78.9	1
44.3	-72.6	2
44.3	-72.0	4
44.3	-68.1	2
44.3	-63.3	6
44.3	2.2	1
44.3	4.0	2
44.3	11.2	20
44.3	25.0	1
44.3	28.4	1
44.3	85.1	50
44.3	116.5	5
44.3	123.6	1
44.4	-110.5	5
44.4	-110.3	8
44.4	-78.1	1
44.4	-68.2	3149
44.4	-67.6	12
44.4	7.6	1
44.4	9.0	6
44.4	10.1	2
44.4	11.5	78
44.4	26.1	2
44.4	90.1	10
44.4	116.9	1
44.4	127.0	3
44.4	142.2	1
44.4	142.3	1
44.4	155.4	1
44.5	-117.2	2
44.5	-110.8	50
44.5	-109.6	2
44.5	-83.0	3
44.5	-79.2	1
44.5	-78.6	1
44.5	-73.2	183
44.5	-68.9	2
44.5	-67.7	12
44.5	-63.5	1
44.5	8.9	36
44.5	9.8	1
44.5	10.2	1
44.5	11.3	179
44.5	30.0	1
44.5	90.3	18
44.5	117.7	7
44.5	122.7	1
44.5	129.1	1
44.5	129.4	1
44.5	129.7	2
44.5	130.2	1
44.6	-125.1	10
44.6	-123.3	29
44.6	-123.2	203
44.6	-117.1	3
44.6	-110.9	2
44.6	-110.8	15
44.6	-110.4	14
44.6	-79.7	1
44.6	-72.6	3
44.6	-72.3	18
44.6	-67.4	9
44.6	-63.6	17
44.6	10.6	3
44.6	11.4	72
44.6	11.5	1
44.6	25.0	1
44.6	90.3	9
44.6	90.4	6
44.6	105.6	3
44.6	116.1	10
44.6	116.2	22
44.6	116.3	16
44.6	116.4	11
44.6	116.5	4
44.6	116.6	13
44.6	116.7	11
44.6	116.8	11
44.6	116.9	2
44.6	117.6	3
44.6	124.4	63
44.6	129.7	3
44.7	-122.2	6
44.7	-117.1	10
44.7	-110.8	4
44.7	-110.7	36
44.7	-92.8	7
44.7	-90.2	766
44.7	-86.7	5
44.7	-82.9	3
44.7	-78.7	1
44.7	-63.6	8
44.7	-16.2	1
44.7	0.6	1
44.7	3.0	1
44.7	3.6	1
44.7	3.8	1
44.7	8.8	1
44.7	10.7	1
44.7	10.8	1
44.7	11.7	1
44.7	15.1	1
44.7	20.6	1
44.7	23.6	1
44.7	26.2	1
44.7	28.2	1
44.7	117.5	2
44.7	122.4	1
44.7	127.2	1
44.8	-116.9	19
44.8	-110.7	5
44.8	-110.4	4
44.8	-72.5	7
44.8	1.3	19
44.8	8.2	1
44.8	10.3	170
44.8	11.8	10
44.8	17.2	3
44.8	20.4	3
44.8	20.5	48
44.8	25.5	1
44.8	25.6	1
44.8	117.5	1
44.8	118.4	5
44.8	123.0	1
44.8	126.6	1
44.8	126.7	1
44.9	-124.0	1
44.9	-110.6	2
44.9	-110.4	1
44.9	-109.7	1
44.9	-93.6	2
44.9	-93.2	141
44.9	3.3	1
44.9	3.8	2
44.9	6.3	8
44.9	11.6	1
44.9	12.6	1
44.9	12.7	1
44.9	12.8	1
44.9	20.3	49
44.9	24.1	1
44.9	27.4	1
44.9	82.3	1
44.9	119.4	11
44.9	119.5	12
44.9	119.6	15
44.9	122.2	1
44.9	123.3	6
44.9	126.1	1
45.0	-110.7	3
45.0	-110.6	22
45.0	-110.5	5
45.0	-93.3	5
45.0	-93.2	457
45.0	-85.2	1
45.0	-73.1	77
45.0	-63.0	1
45.0	-45.0	4
45.0	-13.6	1
45.0	5.9	1
45.0	6.0	1
45.0	7.4	171
45.0	7.6	80
45.0	7.7	18
45.0	8.4	1
45.0	26.3	1
45.0	82.1	10
45.0	117.3	1
45.0	119.4	8
45.0	119.5	16
45.0	119.6	7
45.0	123.1	6
45.0	123.2	4
45.0	124.0	25
45.0	124.3	6
45.0	124.6	6
45.0	125.0	2
45.0	125.4	1
45.0	126.0	8
45.0	126.8	2
45.0	141.9	9
45.0	153.5	2
45.0	178.8	1
45.1	-83.0	6
45.1	-79.5	1
45.1	-74.2	2
45.1	5.8	1
45.1	7.6	15
45.1	7.7	1168
45.1	7.8	1
45.1	8.7	1
45.1	9.4	1
45.1	10.0	1
45.1	13.6	8
45.1	13.9	1
45.1	84.3	1
45.1	88.6	1
45.1	89.0	1
45.1	119.5	5
45.1	119.6	6
45.1	120.3	5
45.1	122.3	1
45.1	123.9	1
45.1	124.4	2
45.1	125.8	4
45.1	125.9	8
45.2	-83.3	19
45.2	-79.3	1
45.2	-75.1	30
45.2	2.4	1
45.2	2.6	1
45.2	3.1	32
45.2	7.6	3
45.2	9.1	47
45.2	19.8	1
45.2	24.7	1
45.2	27.8	1
45.2	37.4	1
45.2	89.0	1
45.2	89.1	1
45.2	104.8	3
45.2	124.8	1
45.2	124.9	1
45.2	126.8	1
45.3	-110.9	1
45.3	-97.8	18
45.3	-75.8	2
45.3	-75.7	3
45.3	-75.2	85
45.3	1.2	1
45.3	4.4	1
45.3	8.4	75
45.3	9.1	1
45.3	12.5	16
45.3	19.9	4
45.3	21.9	1
45.3	36.2	1
45.3	88.9	4
45.3	89.0	10
45.3	89.1	1
45.3	90.0	2
45.3	117.2	1
45.3	122.5	8
45.3	122.6	1
45.3	122.8	1
45.3	124.0	33
45.3	124.5	1
45.3	124.6	20
45.3	127.0	47
45.3	127.1	3
45.3	127.5	54
45.3	131.2	1
45.4	-122.8	1
45.4	-106.4	14
45.4	-93.2	2
45.4	-75.8	3
45.4	-75.7	22
45.4	-75.5	3
45.4	-73.9	12
45.4	-73.1	1
45.4	-73.0	1
45.4	-72.9	1
45.4	-72.8	2
45.4	-72.7	1
45.4	-72.1	8
45.4	-71.8	12
45.4	4.5	48
45.4	7.0	2
45.4	8.0	3
45.4	8.6	1
45.4	9.2	70
45.4	9.7	1
45.4	10.4	3
45.4	11.0	7
45.4	11.9	13
45.4	12.4	2
45.4	12.5	2
45.4	20.4	2
45.4	21.7	1
45.4	22.3	1
45.4	22.9	2
45.4	23.8	2
45.4	36.5	1
45.4	126.4	24
45.4	127.7	3
45.4	132.3	1
45.4	141.8	4
45.4	153.0	1
45.5	-122.9	77
45.5	-122.7	9
45.5	-122.6	4
45.5	-111.0	3
45.5	-89.6	2
45.5	-75.6	18
45.5	-75.5	1
45.5	-73.6	518
45.5	-72.8	3
45.5	1.9	16
45.5	2.9	83
45.5	9.0	2
45.5	9.2	86
45.5	12.3	2
45.5	12.4	2
45.5	13.6	29
45.5	15.6	15
45.5	21.7	1
45.5	85.1	5
45.5	117.0	3
45.5	119.7	1
45.5	124.2	2
45.5	125.0	3
45.5	131.6	1
45.6	-122.7	14
45.6	-111.7	3
45.6	-111.5	16
45.6	-110.6	1
45.6	-95.9	17
45.6	-91.8	4
45.6	-72.8	1
45.6	6.6	1
45.6	8.6	6
45.6	11.1	1
45.6	13.8	8
45.6	14.9	10
45.6	24.6	2
45.6	85.2	5
45.6	85.5	5
45.6	122.4	1
45.6	122.8	1
45.6	123.0	1
45.6	123.6	1
45.6	123.8	46
45.6	124.0	1
45.6	127.0	1
45.6	128.2	18
45.7	-123.9	2
45.7	-110.9	2
45.7	-1.2	1
45.7	-0.4	1
45.7	-0.1	1
45.7	3.0	102
45.7	4.8	1
45.7	7.3	1
45.7	8.7	1
45.7	9.7	1
45.7	13.7	1
45.7	25.2	1
45.7	122.9	1
45.7	125.1	6
45.7	126.1	31
45.7	126.4	9
45.7	126.6	12
45.7	126.7	59
45.7	126.8	20
45.7	126.9	15
45.7	127.0	5
45.7	147.9	1
45.8	-122.0	8
45.8	-121.9	9
45.8	-90.1	2
45.8	-59.8	6
45.8	-1.2	26
45.8	3.0	5
45.8	3.1	21
45.8	4.8	20
45.8	5.2	1
45.8	6.7	4
45.8	6.9	4
45.8	7.8	1
45.8	8.6	12
45.8	8.7	33
45.8	10.8	2
45.8	16.0	25
45.8	16.1	14
45.8	21.7	1
45.8	24.4	1
45.8	27.7	1
45.8	106.2	3
45.8	121.9	1
45.8	124.8	6
45.8	126.5	1
45.8	126.6	3
45.8	126.7	3
45.8	126.8	62
45.8	126.9	9
45.9	-130.0	141
45.9	-129.8	21
45.9	-119.3	22
45.9	-0.4	1
45.9	3.9	1
45.9	6.9	8
45.9	7.3	17
45.9	7.4	17
45.9	8.6	4
45.9	10.6	2
45.9	10.7	6
45.9	10.8	2
45.9	12.4	1
45.9	23.3	1
45.9	24.1	2
45.9	27.8	1
45.9	28.2	2
46.0	-130.0	2
46.0	-89.7	128
46.0	-89.6	88
46.0	-63.0	1
46.0	-12.7	1
46.0	-1.2	4
46.0	0.6	1
46.0	4.0	1
46.0	5.9	12
46.0	7.5	8
46.0	7.6	4
46.0	7.7	4
46.0	7.8	2
46.0	7.9	2
46.0	9.1	2
46.0	10.8	12
46.0	10.9	4
46.0	11.1	99
46.0	14.5	4
46.0	15.0	5
46.0	16.0	1
46.0	25.2	1
46.0	26.1	1
46.0	123.0	1
46.0	123.6	1
46.0	125.4	1
46.0	126.0	1
46.0	128.7	1
46.0	130.3	1
46.0	130.5	1
46.1	-130.0	1
46.1	-118.9	2
46.1	-64.8	6
46.1	-1.3	1
46.1	-0.8	10
46.1	3.1	1
46.1	8.0	4
46.1	8.7	5
46.1	10.8	4
46.1	10.9	2
46.1	11.1	38
46.1	14.5	3
46.1	14.6	1
46.1	19.7	3
46.1	123.7	1
46.2	-124.0	1
46.2	-123.9	73
46.2	-123.8	4
46.2	-122.2	34
46.2	-89.5	11
46.2	-13.9	1
46.2	5.8	1
46.2	6.1	535
46.2	6.2	32
46.2	6.3	3
46.2	7.5	9
46.2	9.0	25
46.2	10.5	8
46.2	10.8	4
46.2	12.8	1
46.2	14.0	1
46.2	14.5	1
46.2	14.8	1
46.2	20.1	12
46.2	24.6	1
46.2	122.0	1
46.2	125.0	6
46.2	127.2	1
46.3	-129.8	1
46.3	-124.0	3
46.3	-123.9	3
46.3	-123.7	4
46.3	-123.5	3
46.3	-120.0	35
46.3	-119.7	24
46.3	-92.3	12
46.3	-80.5	22
46.3	-71.9	2
46.3	-39.7	6
46.3	6.3	6
46.3	6.4	5
46.3	7.6	8
46.3	9.6	12
46.3	9.7	4
46.3	10.5	12
46.3	18.7	1
46.3	23.9	1
46.3	25.1	1
46.3	28.7	3
46.3	124.4	2
46.3	125.1	4
46.3	125.2	11
46.3	125.3	9
46.3	125.4	7
46.3	129.6	1
46.4	-119.3	1
46.4	-90.6	3
46.4	-83.4	41
46.4	-72.6	9
46.4	-0.1	1
46.4	0.1	48
46.4	1.4	37
46.4	2.2	1
46.4	6.1	6
46.4	6.2	8
46.4	8.3	11
46.4	9.8	4
46.4	9.9	23
46.4	10.6	6
46.4	18.0	1
46.4	20.0	1
46.4	24.7	1
46.4	87.6	14
46.4	120.0	12
46.4	120.1	18
46.4	120.2	22
46.4	120.3	1
46.4	123.4	4
46.4	123.6	15
46.4	125.4	15
46.4	129.6	3
46.4	130.2	1
46.5	-81.0	30
46.5	-1.1	1
46.5	0.7	1
46.5	6.4	6
46.5	6.6	86
46.5	9.9	12
46.5	10.7	22
46.5	27.1	1
46.5	82.9	1
46.5	125.2	1
46.5	125.9	1
46.5	132.5	1
46.6	-71.9	39
46.6	1.2	1
46.6	2.2	1
46.6	2.4	1
46.6	6.1	3
46.6	6.2	1
46.6	6.3	6
46.6	6.6	6
46.6	6.7	20
46.6	7.2	2
46.6	8.7	17
46.6	14.3	1
46.6	18.3	15
46.6	21.6	1
46.6	25.7	1
46.6	29.4	2
46.6	125.0	9
46.6	126.9	1
46.6	127.0	30
46.6	152.1	1
46.6	159.4	1
46.7	-117.3	2
46.7	-117.2	2
46.7	-117.0	4
46.7	-0.0	1
46.7	7.7	1
46.7	8.0	2
46.7	10.8	6
46.7	13.9	2
46.7	131.7	1
46.8	-114.1	1
46.8	-100.9	1
46.8	-90.3	6
46.8	-72.5	8
46.8	-71.6	2
46.8	-71.3	254
46.8	-71.2	1203
46.8	2.6	1
46.8	3.1	1
46.8	6.2	34
46.8	6.3	1
46.8	8.2	53
46.8	8.8	31
46.8	11.0	27
46.8	23.6	3
46.8	25.4	1
46.8	28.6	3
46.8	124.2	1
46.8	130.3	1
46.9	-114.0	3
46.9	-91.2	1
46.9	-91.1	3
46.9	-91.0	1
46.9	1.5	1
46.9	1.9	1
46.9	3.8	1
46.9	6.8	2
46.9	6.9	11
46.9	7.4	6
46.9	7.5	3
46.9	8.2	2
46.9	9.6	12
46.9	10.1	4
46.9	10.2	8
46.9	10.9	4
46.9	13.8	2
46.9	17.9	1
46.9	18.1	2
46.9	125.0	1
47.0	-122.9	2
47.0	-122.0	1
47.0	-91.3	6
47.0	-88.0	1
47.0	-85.2	4
47.0	-84.3	32
47.0	-42.5	2
47.0	-42.0	1
47.0	-8.1	1
47.0	-0.2	1
47.0	4.1	1
47.0	4.3	1
47.0	4.7	1
47.0	6.9	45
47.0	7.0	44
47.0	7.4	12
47.0	8.3	5
47.0	8.4	2
47.0	9.5	2
47.0	9.6	6
47.0	10.9	2
47.0	13.0	1
47.0	15.5	4
47.0	19.0	15
47.0	28.8	13
47.0	29.0	3
47.0	124.2	1
47.0	128.0	1
47.1	-99.3	15
47.1	-99.2	11
47.1	-99.1	18
47.1	-1.3	60
47.1	1.4	1
47.1	8.2	2
47.1	8.5	9
47.1	9.2	2
47.1	12.8	2
47.1	13.0	4
47.1	15.3	2
47.1	15.4	477
47.1	27.9	3
47.1	123.0	15
47.1	124.6	6
47.1	128.8	12
47.2	-122.9	1
47.2	-113.9	1
47.2	-99.3	2
47.2	-99.1	11
47.2	-95.2	8
47.2	-94.2	8
47.2	-93.5	95
47.2	-89.7	11
47.2	-9.3	1
47.2	-1.6	22
47.2	1.7	1
47.2	4.6	2
47.2	8.3	7
47.2	8.5	5
47.2	9.5	38
47.2	12.2	2
47.2	12.6	50
47.2	13.3	1
47.2	14.2	1
47.2	27.8	1
47.2	39.7	8
47.2	110.4	18
47.2	123.1	2
47.2	123.2	2
47.2	123.7	1
47.2	124.2	8
47.2	126.1	1
47.2	126.5	12
47.2	127.1	1
47.2	130.8	1
47.2	132.6	2
47.3	-125.0	1
47.3	-122.2	1
47.3	-114.8	1
47.3	-89.8	6
47.3	2.2	1
47.3	7.9	1
47.3	8.0	7
47.3	8.2	2
47.3	8.6	17
47.3	9.2	4
47.3	10.0	1
47.3	11.4	60
47.3	12.2	2
47.3	13.6	3
47.3	21.9	1
47.3	25.4	12
47.3	38.3	14
47.3	106.2	13
47.3	124.0	1
47.3	124.1	2
47.3	126.4	108
47.3	129.4	1
47.4	-113.6	1
47.4	-93.9	5
47.4	-92.6	7
47.4	-0.7	11
47.4	4.6	1
47.4	7.2	17
47.4	8.5	22
47.4	8.6	75
47.4	8.7	5
47.4	9.4	15
47.4	9.6	54
47.4	9.7	1
47.4	12.8	1
47.4	13.2	1
47.4	22.9	1
47.4	28.8	3
47.4	87.8	1
47.4	123.9	1
47.4	124.0	120
47.4	126.2	1
47.4	126.3	5
47.4	133.3	2
47.5	-122.2	2
47.5	-93.5	86
47.5	-93.4	8
47.5	-92.2	8
47.5	-2.2	2
47.5	0.2	2
47.5	0.7	9
47.5	4.0	1
47.5	4.3	1
47.5	7.3	48
47.5	7.5	131
47.5	9.5	3
47.5	9.6	34
47.5	9.9	1
47.5	13.5	2
47.5	15.9	1
47.5	17.0	3
47.5	19.0	143
47.5	19.1	2
47.5	19.2	7
47.5	20.2	1
47.5	26.1	1
47.5	26.6	1
47.5	27.1	1
47.5	124.7	15
47.5	130.6	2
47.5	132.9	1
47.5	133.5	1
47.5	133.9	9
47.6	-129.6	1
47.6	-122.3	558
47.6	-122.1	2
47.6	-117.4	4
47.6	-92.3	12
47.6	-86.8	1
47.6	-86.6	6
47.6	-52.7	22
47.6	-3.0	4
47.6	7.5	42
47.6	9.4	2
47.6	12.9	10
47.6	19.1	2
47.6	27.0	1
47.6	106.5	2
47.6	106.6	21
47.6	106.7	9
47.6	106.8	10
47.6	123.8	1
47.6	123.9	12
47.6	126.4	15
47.6	133.4	1
47.7	-122.4	1
47.7	-122.3	29
47.7	2.5	1
47.7	9.2	2
47.7	12.2	1
47.7	13.8	2
47.7	19.9	1
47.7	26.3	1
47.7	133.0	1
47.7	134.3	9
47.8	-127.8	2
47.8	-122.1	3
47.8	-92.2	4
47.8	-86.9	1
47.8	-73.4	20
47.8	-39.4	6
47.8	0.5	1
47.8	1.3	1
47.8	9.1	9
47.8	9.2	1
47.8	13.0	156
47.8	13.1	12
47.8	28.0	3
47.8	133.8	9
47.9	-129.1	1
47.9	-91.9	6
47.9	-90.2	9
47.9	-73.8	24
47.9	-73.7	10
47.9	-10.4	1
47.9	-2.7	1
47.9	-2.0	2
47.9	0.9	1
47.9	3.0	1
47.9	26.9	1
47.9	126.3	15
48.0	-129.1	2
48.0	-122.8	1
48.0	-122.0	1
48.0	-88.5	6
48.0	-2.9	1
48.0	-2.0	1
48.0	-1.4	1
48.0	0.2	5
48.0	0.7	1
48.0	0.8	1
48.0	1.6	1
48.0	7.1	1
48.0	7.8	567
48.0	7.9	65
48.0	8.0	12
48.0	8.6	2
48.0	9.7	1
48.0	12.1	1
48.0	13.2	1
48.0	16.0	4
48.0	16.1	13
48.0	16.3	1
48.0	21.7	4
48.0	133.5	1
48.1	-114.0	1
48.1	-90.4	1
48.1	-87.8	6
48.1	-8.8	1
48.1	-3.4	1
48.1	-1.8	9
48.1	-1.7	54
48.1	7.9	24
48.1	11.6	756
48.1	14.2	1
48.1	28.4	3
48.1	134.5	9
48.2	-71.3	8
48.2	-2.2	1
48.2	2.5	4
48.2	5.0	3
48.2	6.9	15
48.2	11.6	12
48.2	13.8	1
48.2	16.3	17
48.2	16.4	2
48.2	16.5	5
48.2	17.2	5
48.2	21.3	58
48.2	27.3	3
48.2	128.0	1
48.2	128.1	2
48.2	130.4	2
48.2	134.2	1
48.3	-3.4	1
48.3	2.4	4
48.3	4.3	1
48.3	4.8	3
48.3	5.2	4
48.3	8.4	64
48.3	15.0	1
48.3	15.8	1
48.3	16.1	465
48.3	16.3	1
48.3	16.4	3700
48.3	17.0	1
48.3	17.4	1
48.3	17.8	2
48.3	126.4	1
48.3	128.1	2
48.3	134.7	1
48.3	135.1	2
48.4	-124.7	6
48.4	-71.0	5
48.4	-4.6	2
48.4	-4.2	1
48.4	4.2	1
48.4	4.6	28
48.4	5.3	2
48.4	5.5	7
48.4	7.5	1
48.4	10.0	66
48.4	11.4	7
48.4	11.6	6
48.4	11.7	3
48.4	11.8	2
48.4	15.7	1
48.4	17.8	1
48.4	116.3	1
48.5	-8.8	1
48.5	-7.2	1
48.5	2.3	4
48.5	2.4	12
48.5	8.8	1
48.5	9.0	27
48.5	9.1	3050
48.5	10.0	1
48.5	11.4	10
48.5	14.2	1
48.5	14.3	43
48.5	21.7	1
48.5	103.3	8
48.5	119.1	4
48.5	119.5	7
48.5	119.6	11
48.5	119.7	9
48.5	119.8	11
48.5	119.9	9
48.5	120.0	5
48.5	124.7	15
48.5	125.2	22
48.5	135.4	2
48.6	-71.8	1
48.6	-71.7	1
48.6	-71.6	1
48.6	-71.5	1
48.6	-4.4	1
48.6	-0.2	1
48.6	1.6	4
48.6	2.2	1
48.6	9.1	11
48.6	10.9	1
48.6	14.7	30
48.6	130.5	1
48.7	-122.9	128
48.7	-122.4	2
48.7	-71.9	1
48.7	-71.8	1
48.7	-71.6	1
48.7	-71.5	1
48.7	-4.1	1
48.7	-4.0	1
48.7	-3.9	8
48.7	-1.4	332
48.7	2.2	1
48.7	4.4	1
48.7	13.1	1
48.7	14.7	23
48.7	16.4	1
48.7	20.5	10
48.7	20.9	1
48.7	102.6	6
48.8	-122.5	4
48.8	-79.2	2
48.8	-14.9	6
48.8	-14.8	7
48.8	-14.7	6
48.8	-4.0	14
48.8	-3.9	2
48.8	2.2	9
48.8	2.3	471
48.8	2.4	45
48.8	2.5	173
48.8	5.6	1
48.8	9.2	4
48.8	10.6	1
48.8	14.5	119
48.8	16.5	1
48.8	17.8	1
48.8	21.0	1
48.8	106.4	3
48.8	128.2	1
48.9	-72.4	1
48.9	-15.0	2
48.9	-14.9	5
48.9	-14.8	5
48.9	-14.7	1
48.9	1.0	1
48.9	2.2	345
48.9	2.3	128
48.9	2.4	155
48.9	7.1	1
48.9	13.4	3
48.9	13.6	7
48.9	20.4	2
48.9	163.5	1
49.0	-123.1	72
49.0	-122.7	10
49.0	-122.6	24
49.0	-122.5	2
49.0	-72.5	1
49.0	-68.0	1
49.0	-40.0	2
49.0	-15.0	4
49.0	-14.9	8
49.0	-14.8	6
49.0	-14.7	5
49.0	-1.5	1
49.0	2.0	7
49.0	2.4	1
49.0	6.0	35
49.0	6.7	1
49.0	8.0	1
49.0	12.1	64
49.0	13.3	3
49.0	13.4	13
49.0	16.9	1
49.0	17.1	7
49.0	17.2	1
49.0	22.0	1
49.1	-123.2	22
49.1	-123.1	6
49.1	-123.0	6
49.1	-122.9	3
49.1	-122.6	1
49.1	-122.5	2
49.1	-89.4	42
49.1	-15.0	3
49.1	-14.8	2
49.1	-1.2	1
49.1	0.9	1
49.1	1.7	1
49.1	2.0	1
49.1	3.4	1
49.1	7.7	10
49.1	8.4	51
49.1	14.0	1
49.1	16.6	5
49.1	19.3	1
49.1	19.4	1
49.1	119.8	132
49.2	-123.0	1
49.2	-122.6	1
49.2	4.1	22
49.2	5.4	4
49.2	6.0	1
49.2	6.5	61
49.2	6.7	9
49.2	7.0	10
49.2	8.4	72
49.2	16.6	15
49.2	17.2	1
49.2	19.4	1
49.2	117.4	7
49.2	119.6	92
49.2	119.7	44
49.3	-123.1	161
49.3	-119.6	3
49.3	-0.7	1
49.3	7.3	6
49.3	9.0	1
49.3	9.9	1
49.3	117.7	2
49.3	120.7	5
49.3	121.3	2
49.3	121.4	3
49.3	121.5	1
49.3	125.6	1
49.3	128.3	1
49.4	-1.5	1
49.4	8.7	994
49.4	10.3	9
49.4	11.5	1
49.4	14.7	1
49.4	119.5	12
49.4	120.2	1
49.5	2.2	157
49.5	6.0	2
49.5	6.2	175
49.5	6.5	1
49.5	8.1	1
49.5	15.5	1
49.5	21.8	1
49.5	123.2	8
49.5	123.3	1
49.5	123.4	1
49.5	123.5	1
49.5	123.6	1
49.5	124.8	8
49.5	124.9	6
49.6	-125.5	1
49.6	-97.2	1
49.6	-95.9	3
49.6	-5.5	1
49.6	6.1	226
49.6	8.4	2
49.6	11.0	116
49.6	12.8	1
49.6	19.9	1
49.6	20.4	1
49.6	21.4	1
49.6	22.0	1
49.7	-113.0	1
49.7	-112.9	1
49.7	-112.8	19
49.7	-112.1	1
49.7	-112.0	1
49.7	-97.6	1
49.7	-97.2	2
49.7	-97.1	1
49.7	-96.5	2
49.7	-93.8	3
49.7	-93.7	29
49.7	-71.5	1
49.7	-42.4	6
49.7	2.3	1
49.7	5.8	1
49.7	5.9	4
49.7	6.1	5
49.7	18.2	1
49.8	-130.3	1
49.8	-119.6	1
49.8	-113.0	2
49.8	-112.3	3
49.8	-112.2	8
49.8	-112.1	19
49.8	-111.9	1
49.8	-97.6	3
49.8	-97.3	1
49.8	-97.2	2
49.8	-95.3	1
49.8	-93.8	12
49.8	5.8	2
49.8	5.9	1
49.8	6.1	45
49.9	-112.2	1
49.9	-112.1	6
49.9	-111.9	11
49.9	-97.1	278
49.9	1.5	1
49.9	7.8	1
49.9	12.4	1
49.9	12.6	1
49.9	14.7	1
49.9	14.9	1
49.9	16.9	1
50.0	-113.1	2
50.0	-112.9	1
50.0	-112.0	11
50.0	-110.7	3
50.0	-110.5	1
50.0	-98.3	11
50.0	-94.2	1
50.0	-5.0	1
50.0	8.2	3
50.0	9.8	3
50.0	10.2	1
50.0	10.5	1
50.0	14.0	1
50.0	14.5	12
50.0	17.4	1
50.0	179.6	1
50.1	2.6	1
50.1	3.2	1
50.1	6.8	2
50.1	8.7	17
50.1	10.4	12
50.1	10.5	5
50.1	11.0	1
50.1	13.1	16
50.1	13.9	16
50.1	14.3	1
50.1	14.4	197
50.2	-145.1	1
50.2	-5.3	3
50.2	-5.0	5
50.2	-4.2	8
50.2	-4.1	33
50.2	9.3	24
50.2	16.6	1
50.2	19.5	1
50.2	22.2	1
50.2	119.4	96
50.2	127.3	2
50.3	-145.1	1
50.3	-107.8	121
50.3	6.7	1
50.3	14.8	1
50.4	-145.1	1
50.4	-144.7	5
50.4	-104.8	1
50.4	-104.6	3
50.4	-1.6	74
50.4	7.1	2
50.4	7.4	4
50.4	7.6	856
50.4	8.0	1
50.4	8.4	12
50.4	15.5	1
50.4	20.0	1
50.4	124.1	1
50.4	127.3	1
50.5	-145.1	1
50.5	-145.0	6
50.5	-144.8	2
50.5	-144.7	4
50.5	-104.7	2
50.5	-1.3	2
50.5	4.5	2
50.5	4.6	1
50.5	8.7	1
50.5	9.1	1
50.5	9.3	1
50.6	-144.8	1
50.6	-144.7	1
50.6	1.8	1
50.6	3.1	30
50.6	5.2	1
50.6	8.6	1
50.6	9.7	1
50.6	10.1	1
50.7	-114.5	1
50.7	-4.0	1
50.7	-3.2	4
50.7	-2.0	6
50.7	6.6	1
50.7	7.1	110
50.7	10.8	2
50.7	12.1	2
50.7	18.1	2
50.8	-112.8	1
50.8	-1.0	6
50.8	2.5	1
50.8	4.5	78
50.8	5.7	545
50.8	6.0	1
50.8	8.8	46
50.8	21.8	1
50.9	-120.4	21
50.9	-3.5	1
50.9	1.8	18
50.9	4.7	107
50.9	6.9	29
50.9	7.0	193
50.9	10.5	2
50.9	11.6	150
50.9	13.7	23
50.9	13.8	25
50.9	21.1	1
51.0	-114.1	199
51.0	-114.0	5
51.0	-43.0	3
51.0	3.4	84
51.0	3.7	15
51.0	5.0	67
51.0	6.7	1
51.0	6.9	6
51.0	9.2	1
51.0	10.0	14
51.0	13.0	1
51.0	13.7	6
51.0	13.8	35
51.0	17.7	1
51.0	17.9	1
51.1	-115.4	1
51.1	-114.1	70
51.1	-4.2	1
51.1	-1.4	5
51.1	-1.3	184
51.1	-0.3	1
51.1	-0.1	3
51.1	0.7	1
51.1	3.1	15
51.1	3.7	12
51.1	4.6	3
51.1	10.3	1
51.1	10.4	6
51.1	10.5	9
51.1	13.7	4
51.1	17.0	5
51.1	19.8	1
51.1	21.7	1
51.1	30.0	1
51.1	71.3	529
51.1	125.5	2
51.1	167.6	1
51.2	-113.2	2
51.2	-2.2	1
51.2	-0.8	17
51.2	-0.6	96
51.2	-0.2	6
51.2	2.7	2
51.2	4.4	104
51.2	6.5	3
51.2	6.8	21
51.2	10.5	1774
51.2	10.7	9
51.2	10.8	37
51.2	19.7	1
51.2	21.9	1
51.2	30.0	7
51.2	30.2	12
51.2	71.5	22
51.2	125.2	1
51.2	125.3	2
51.2	125.6	1
51.3	-115.2	1
51.3	-114.4	1
51.3	-113.0	1
51.3	-0.7	62
51.3	-0.3	1
51.3	-0.2	2
51.3	-0.1	1
51.3	2.5	2
51.3	2.6	2
51.3	2.8	3
51.3	2.9	1
51.3	4.4	22
51.3	9.4	126
51.3	12.4	30
51.3	29.6	1
51.4	-110.2	1
51.4	-2.4	366
51.4	-2.3	117
51.4	-1.2	237
51.4	2.5	1
51.4	2.8	24
51.4	3.1	1
51.4	3.2	1
51.4	7.0	123
51.4	7.9	1
51.4	11.9	180
51.4	12.4	10
51.4	19.0	1
51.4	21.1	1
51.4	22.0	8
51.4	30.0	9
51.4	30.1	11
51.4	79.5	1
51.4	126.4	2
51.5	-115.2	1
51.5	-113.4	1
51.5	-3.2	33
51.5	-2.6	449
51.5	-0.3	3
51.5	-0.2	97
51.5	-0.1	3692
51.5	0.1	1
51.5	2.4	2
51.5	2.8	19
51.5	2.9	22
51.5	3.1	1
51.5	3.8	1
51.5	5.4	2
51.5	5.9	8
51.5	6.3	13
51.5	8.9	1
51.5	10.0	1
51.5	20.0	2
51.5	21.0	1
51.5	30.1	1
51.5	98.1	1
51.5	104.5	1
51.5	105.2	1
51.5	122.6	1
51.5	122.7	5
51.6	-128.1	15
51.6	-110.7	1
51.6	-9.7	1
51.6	-0.3	24
51.6	-0.2	4
51.6	2.3	1
51.6	2.8	1
51.6	3.9	7
51.6	4.8	3
51.6	5.4	1
51.6	9.9	1
51.7	-0.2	4
51.7	3.8	7
51.7	12.6	10
51.7	18.3	1
51.7	18.9	1
51.7	122.0	9
51.7	122.1	3
51.7	124.4	1
51.8	-1.3	17
51.8	-0.2	1
51.8	0.2	1
51.8	0.9	28
51.8	1.0	10
51.8	2.7	1
51.8	5.8	172
51.8	9.1	1
51.8	9.6	10
51.8	10.1	1
51.8	10.6	8
51.8	86.0	2
51.8	103.9	2
51.8	104.9	8
51.9	-114.6	3
51.9	-8.5	1159
51.9	-2.6	3
51.9	4.5	53
51.9	4.6	7
51.9	4.7	1
51.9	5.5	5
51.9	5.9	1
51.9	6.5	1
51.9	11.0	1
51.9	39.5	1
52.0	-3.7	1
52.0	1.0	1
52.0	4.4	1
52.0	4.5	108
52.0	5.0	577
52.0	5.7	34
52.0	6.5	1
52.0	6.9	1
52.0	7.6	37
52.0	8.5	8
52.0	18.3	1
52.0	21.3	1
52.0	104.1	2
52.0	105.3	2
52.0	123.6	1
52.1	-110.3	1
52.1	-106.7	2
52.1	-3.8	17
52.1	-2.4	1
52.1	-1.4	8
52.1	5.1	14
52.1	5.2	10
52.1	5.3	713
52.1	6.4	1
52.1	17.2	2
52.2	-8.3	310
52.2	-8.2	1
52.2	-1.3	6
52.2	-0.0	2
52.2	0.1	61
52.2	4.5	75
52.2	10.2	32
52.2	10.7	1
52.2	19.3	1
52.2	21.0	28
52.3	-121.9	26
52.3	-114.9	1
52.3	-113.8	17
52.3	-112.8	1
52.3	-7.9	1
52.3	-1.3	3
52.3	1.4	3
52.3	4.5	8
52.3	4.7	4
52.3	4.9	109
52.3	5.0	124
52.3	6.8	5
52.3	7.6	2
52.3	10.6	88
52.3	17.4	1
52.3	19.3	1
52.3	106.0	1
52.3	124.7	4
52.4	-110.6	3
52.4	-2.7	2
52.4	-1.5	11
52.4	-0.0	12
52.4	4.8	8
52.4	4.9	531
52.4	5.5	40
52.4	9.7	136
52.4	9.8	133
52.4	13.2	69
52.4	13.3	8
52.4	16.9	1027
52.4	106.4	1
52.5	-116.1	6
52.5	-113.8	48
52.5	-113.7	206
52.5	-1.9	348
52.5	8.4	1
52.5	13.2	8
52.5	13.3	25
52.5	13.4	1033
52.5	13.6	32
52.5	19.3	1
52.5	22.9	1
52.5	105.1	3
52.5	158.2	3
52.6	-111.4	1
52.6	-0.0	8
52.6	1.2	676
52.6	1.3	89
52.6	6.7	1
52.6	13.5	27
52.6	108.2	5
52.7	-113.6	1
52.7	-111.3	1
52.7	-2.8	1
52.7	-2.7	6
52.7	0.4	1
52.7	6.0	10
52.7	7.0	1
52.7	7.4	1
52.7	11.6	1
52.8	-2.4	146
52.8	1.3	12
52.8	11.4	1
52.8	12.8	1
52.8	169.4	2
52.9	-113.4	1
52.9	-6.9	1
52.9	0.3	10
52.9	14.9	1
52.9	16.2	1
52.9	17.7	1
53.0	-117.2	1
53.0	-46.0	3
53.0	-8.3	1
53.0	-4.0	56
53.0	-3.8	15
53.0	-1.2	609
53.0	0.9	1
53.0	4.8	1
53.0	7.0	1
53.0	8.9	1
53.0	9.5	1
53.0	13.9	14
53.0	14.6	1
53.0	18.1	1
53.0	122.6	1
53.0	125.0	3
53.0	125.1	1
53.0	126.0	5
53.1	-114.5	9
53.1	-7.7	139
53.1	8.8	4
53.1	15.5	1
53.1	23.3	17
53.1	125.2	2
53.1	171.6	1
53.2	-9.3	1
53.2	-4.0	14
53.2	-3.1	1
53.2	6.6	55
53.2	6.7	1
53.2	7.1	1
53.2	14.9	1
53.2	18.5	1
53.2	19.9	1
53.2	107.5	1
53.2	109.2	2
53.2	121.4	2
53.3	-9.1	21
53.3	-6.3	219
53.3	-6.2	14
53.3	-4.7	5
53.3	7.9	1
53.3	8.4	1
53.3	10.2	1
53.3	16.3	2
53.3	107.5	1
53.3	108.2	1
53.4	-115.6	1
53.4	-6.3	333
53.4	-2.8	1
53.4	-2.2	25
53.4	9.7	1
53.4	13.7	31
53.4	13.8	30
53.4	16.3	6
53.4	23.7	1
53.4	123.0	1
53.5	-114.9	24
53.5	-113.5	308
53.5	-2.3	3
53.5	-2.2	86
53.5	109.0	2
53.5	123.2	4
53.6	-113.5	53
53.6	-113.3	44
53.6	7.9	2
53.6	9.9	3
53.7	22.3	1
53.8	-98.8	17
53.8	-1.5	18
53.8	12.8	2
53.8	19.1	1
53.9	-117.6	1
53.9	-116.6	45
53.9	-2.0	1
53.9	-1.3	1
53.9	22.1	1
54.0	-117.0	33
54.0	-2.4	30
54.0	-1.3	1
54.0	-0.6	1
54.0	6.9	4
54.0	14.3	2
54.0	20.5	1
54.0	162.4	1
54.1	-115.7	2
54.1	-6.0	2
54.1	-2.0	4
54.1	-1.9	3
54.1	7.9	6
54.1	10.2	10
54.1	12.1	8
54.1	19.1	1
54.1	19.5	1
54.2	-119.8	1
54.2	7.7	6
54.2	7.9	383
54.2	8.0	6
54.2	13.4	77
54.2	15.2	1
54.2	20.2	1
54.2	24.1	1
54.2	78.2	4
54.2	90.1	3
54.3	-157.2	1
54.3	-113.5	1
54.3	7.7	6
54.3	10.1	413
54.3	11.0	1
54.3	11.6	3
54.3	16.1	1
54.3	160.0	2
54.4	-128.5	20
54.4	-5.5	1
54.4	7.7	7
54.4	8.2	4
54.4	13.7	1
54.4	16.8	1
54.5	-166.6	2
54.5	-116.3	1
54.5	-113.7	1
54.5	-111.3	1
54.5	-110.6	1
54.5	-16.9	4
54.5	-16.8	4
54.5	-16.7	1
54.5	8.0	7
54.5	8.1	2
54.5	8.2	2
54.5	10.0	3
54.5	12.3	1
54.5	13.0	1
54.5	13.8	1
54.5	18.6	2
54.5	19.2	5
54.5	36.3	1
54.5	73.2	1
54.5	82.6	18
54.5	160.0	4
54.6	-119.6	1
54.6	-110.8	1
54.6	-110.5	11
54.6	-16.8	1
54.6	-5.9	468
54.6	16.5	1
54.6	18.6	1
54.7	-2.4	27
54.7	9.4	2
54.7	12.7	3
54.7	23.1	1
54.7	23.6	1
54.7	25.2	111
54.7	56.0	123
54.8	-119.6	2
54.8	-115.6	1
54.8	10.7	1
54.8	17.2	1
54.9	-116.2	1
54.9	-5.0	1
54.9	-4.6	1
54.9	-3.2	9
54.9	12.0	50
54.9	13.8	1
54.9	18.0	1
55.0	-101.5	1
55.0	-49.0	2
55.0	-8.1	1
55.0	-8.0	12
55.0	-1.6	2741
55.0	-1.5	1
55.0	5.0	2
55.0	9.6	1
55.0	10.5	1
55.0	11.9	1
55.0	12.0	5
55.0	83.5	16
55.0	109.1	2
55.1	-119.3	1
55.1	-77.4	26
55.1	10.1	1
55.1	10.2	2
55.1	10.3	1
55.1	24.3	1
55.1	25.2	1
55.1	109.2	1
55.1	175.7	1
55.2	-119.0	1
55.2	-118.4	2
55.2	-77.7	30
55.2	-3.3	9
55.2	-2.5	15
55.2	9.5	3
55.2	10.7	25
55.2	10.8	25
55.2	23.4	1
55.2	109.5	2
55.3	-156.8	1
55.3	-119.5	4
55.3	-114.8	2
55.3	-3.7	1
55.3	8.7	3
55.3	9.4	1
55.3	9.9	1
55.3	10.2	2
55.3	11.2	3
55.3	15.2	5
55.3	21.0	12
55.3	22.6	1
55.4	-111.3	1
55.4	-16.1	1
55.4	-3.4	2436
55.4	-2.8	2
55.4	9.1	59
55.4	9.6	2
55.4	10.4	8
55.4	10.5	3
55.4	10.7	2
55.4	11.8	42
55.4	12.3	140
55.4	12.4	1
55.4	13.4	1
55.4	14.5	1
55.4	21.2	3
55.4	25.1	1
55.4	37.4	249
55.4	55.4	1
55.4	55.5	2
55.4	65.3	1
55.5	-15.6	1
55.5	8.4	3
55.5	8.5	3
55.5	9.5	1
55.5	11.7	46
55.5	12.9	45
55.5	14.0	1
55.5	15.6	3
55.5	35.9	1
55.5	49.1	105
55.5	55.6	2
55.5	56.0	3
55.6	-111.1	1
55.6	-4.1	1
55.6	-2.8	1
55.6	-2.7	1
55.6	9.3	2
55.6	9.7	17
55.6	12.1	7
55.6	12.5	234
55.6	12.9	2
55.6	13.0	5013
55.6	13.2	1
55.6	16.4	3
55.7	-4.8	2
55.7	-4.1	1
55.7	-2.6	1
55.7	10.0	2
55.7	10.3	62
55.7	11.1	3
55.7	11.7	3
55.7	12.1	14
55.7	12.4	5
55.7	12.5	1105
55.7	12.6	1968
55.7	21.0	1
55.7	21.7	1
55.7	36.7	1
55.7	37.3	51
55.7	37.9	5
55.8	-114.0	1
55.8	-4.2	2
55.8	-4.1	3
55.8	-3.8	1
55.8	-3.0	5
55.8	11.6	1
55.8	12.0	1
55.8	12.3	2
55.8	12.5	10
55.8	23.7	1
55.8	37.4	2
55.8	37.6	12
55.8	49.1	75
55.9	-110.0	1
55.9	-4.8	1
55.9	-3.7	1
55.9	-3.5	2
55.9	-3.2	243
55.9	-3.1	45
55.9	-2.9	1
55.9	9.3	113
55.9	11.7	2
55.9	12.3	2
55.9	12.5	2
55.9	14.3	1
55.9	14.9	1
56.0	-115.4	3
56.0	-115.2	1
56.0	-114.2	1
56.0	-3.7	2
56.0	-3.3	5
56.0	-3.2	8
56.0	-3.1	2
56.0	12.6	1
56.0	13.1	1
56.0	14.4	3
56.0	25.4	1
56.0	25.5	1
56.0	37.0	4
56.0	37.2	1
56.1	-115.5	1
56.1	-110.3	1
56.1	-3.9	4
56.1	-3.8	1
56.1	-3.2	2
56.1	-3.1	2
56.1	10.1	3
56.1	10.3	21
56.1	10.5	16
56.1	13.2	8
56.1	14.8	2
56.1	15.9	1
56.1	22.9	1
56.1	60.3	1
56.2	-3.0	1
56.2	-2.6	10
56.2	9.4	1
56.2	10.2	12
56.2	10.3	4
56.2	12.5	1
56.2	14.8	1
56.2	26.6	1
56.2	38.0	1
56.3	-47.0	6
56.3	-2.8	9
56.3	3.1	8
56.3	9.5	52
56.3	9.6	8
56.3	10.4	1
56.3	10.5	11
56.3	15.7	1
56.3	26.0	1
56.4	-4.2	1
56.4	-4.1	1
56.4	4.2	3
56.4	9.5	7
56.4	10.7	1
56.4	12.6	2
56.4	16.1	2
56.4	20.8	1
56.4	65.5	4
56.4	65.7	2
56.5	-5.5	3
56.5	-5.4	3
56.5	-4.2	9
56.5	-3.0	23
56.5	9.6	23
56.5	10.0	6
56.5	10.1	5
56.5	21.0	5
56.5	25.8	1
56.5	25.9	1
56.5	35.6	4
56.6	9.0	3
56.6	9.1	2
56.6	16.3	1
56.6	21.0	2
56.6	23.3	3
56.6	23.5	1
56.6	23.7	3
56.7	9.1	1
56.7	9.2	1
56.7	10.1	3
56.7	12.6	2
56.7	16.4	2
56.7	22.5	3
56.7	23.4	1
56.8	-111.9	1
56.8	-7.4	1
56.8	-5.1	1
56.8	9.6	1
56.8	9.8	12
56.8	9.9	6
56.8	16.7	3
56.8	21.4	1
56.8	26.2	3
56.9	-111.0	1
56.9	-5.7	1
56.9	-3.7	3
56.9	-3.2	6
56.9	11.4	3
56.9	12.4	3
56.9	14.0	1
56.9	17.1	84
56.9	24.4	3
56.9	25.2	1
56.9	27.5	1
56.9	35.9	1
57.0	-114.9	1
57.0	-111.9	1
57.0	-111.8	1
57.0	-5.6	1
57.0	-4.1	5
57.0	9.8	1
57.0	9.9	20
57.0	10.0	4
57.0	11.8	1
57.0	14.0	2
57.0	22.0	3
57.0	23.2	3
57.0	23.8	3
57.0	24.0	5
57.0	24.1	3
57.0	26.6	1
57.0	179.7	1
57.1	12.2	1
57.1	12.3	2
57.1	12.7	1
57.1	17.7	3
57.1	21.2	1
57.1	23.8	1
57.1	53.2	1
57.2	-166.7	1
57.2	-111.4	1
57.2	12.3	1
57.2	19.5	12
57.2	20.0	10
57.2	22.6	5
57.2	24.8	5
57.2	27.0	1
57.3	16.4	2
57.3	16.5	11
57.3	20.1	14
57.3	22.7	2
57.3	25.3	3
57.3	55.2	4
57.4	10.0	4
57.4	10.5	3
57.4	16.7	8
57.4	21.6	3
57.4	25.9	3
57.4	27.0	1
57.4	27.3	2
57.5	17.4	6
57.5	25.4	3
57.6	-3.6	2
57.6	10.0	3
57.6	11.8	2
57.6	11.9	1
57.6	22.3	2
57.6	26.3	2
57.6	26.6	2
57.6	27.0	2
57.7	10.6	2
57.7	11.9	7
57.7	12.0	161
57.7	13.2	1
57.7	24.3	1
57.7	26.2	4
57.7	27.1	2
57.7	27.4	2
57.8	6.9	4
57.8	13.1	1
57.8	22.6	1
57.8	25.4	1
57.8	27.2	4
57.8	27.5	2
57.8	40.9	1
57.9	11.6	1
57.9	12.0	1
57.9	12.9	1
57.9	15.6	2
57.9	26.3	4
57.9	26.5	2
57.9	27.7	2
58.0	-111.0	3
58.0	5.0	2
58.0	16.9	1
58.0	22.2	3
58.0	24.7	2
58.0	25.4	2
58.0	26.6	2
58.0	27.1	2
58.1	6.6	1
58.1	6.8	3
58.1	8.0	1
58.1	10.0	3
58.1	16.8	3
58.1	25.3	2
58.1	25.5	4
58.1	25.9	4
58.1	26.0	2
58.1	26.2	4
58.1	26.3	4
58.1	27.0	2
58.1	82.8	1
58.1	176.4	6
58.2	-129.9	2
58.2	-3.6	12
58.2	8.3	3
58.2	22.4	2
58.2	22.5	2
58.2	26.3	4
58.2	26.9	2
58.3	-134.4	2
58.3	-3.7	3
58.3	6.2	2
58.3	8.6	1
58.3	15.2	1
58.3	16.2	1
58.3	21.9	6
58.3	22.1	2
58.3	22.5	2
58.3	22.6	2
58.3	25.5	9
58.3	25.6	2
58.3	26.4	2
58.3	26.5	4
58.3	26.6	2
58.3	26.7	3
58.3	26.8	2
58.3	26.9	2
58.3	27.0	2
58.3	27.3	2
58.4	-111.0	1
58.4	-4.0	9
58.4	11.2	1
58.4	13.3	1
58.4	15.2	1
58.4	15.6	4
58.4	22.2	2
58.4	22.5	2
58.4	22.7	1
58.4	23.3	2
58.4	24.5	1
58.4	25.2	2
58.4	25.3	2
58.4	25.5	2
58.4	25.6	2
58.4	25.8	1
58.4	26.5	3
58.4	26.6	4
58.4	26.7	15
58.4	26.8	2
58.4	26.9	2
58.5	12.9	51
58.5	13.0	19
58.5	15.6	1
58.5	22.8	2
58.5	23.1	2
58.5	25.5	2
58.5	26.7	12
58.5	26.8	2
58.6	-167.4	2
58.6	11.3	2
58.6	16.3	1
58.6	18.2	4
58.6	22.8	2
58.6	23.6	4
58.6	24.0	2
58.6	24.1	2
58.6	26.4	2
58.7	11.2	1
58.7	16.2	1
58.7	22.5	2
58.7	23.7	2
58.7	25.1	2
58.7	26.0	1
58.7	26.3	1
58.7	26.4	2
58.7	26.5	4
58.8	-111.3	82
58.8	9.4	1
58.8	11.2	5
58.8	17.4	73
58.8	17.5	7
58.8	22.8	2
58.8	23.0	4
58.8	23.1	2
58.8	23.5	2
58.8	26.5	2
58.9	5.7	2
58.9	11.1	4
58.9	11.2	1
58.9	17.1	1
58.9	18.0	2
58.9	22.4	2
58.9	23.6	2
58.9	23.7	2
58.9	23.9	2
59.0	-176.2	1
59.0	9.9	3
59.0	10.0	1
59.0	10.2	1
59.0	10.9	2
59.0	18.0	547
59.0	23.7	2
59.0	24.3	2
59.0	24.6	2
59.0	25.6	2
59.1	-65.2	1
59.1	10.2	2
59.1	11.1	1
59.1	24.3	2
59.1	24.5	2
59.1	24.7	2
59.1	26.0	1
59.2	-117.5	1
59.2	10.9	1
59.2	15.6	1
59.2	17.8	2
59.2	23.8	2
59.2	24.0	2
59.2	25.2	4
59.2	27.8	2
59.3	10.4	408
59.3	12.4	8
59.3	15.2	12
59.3	15.4	1
59.3	17.9	2
59.3	18.1	278
59.3	18.3	2
59.3	23.9	4
59.3	24.1	2
59.3	24.6	2
59.3	24.9	2
59.3	26.1	2
59.3	26.5	2
59.3	26.6	2
59.4	-126.1	9
59.4	-117.3	3
59.4	5.1	7
59.4	10.6	1
59.4	13.5	2
59.4	18.0	254
59.4	18.2	2
59.4	24.0	4
59.4	24.5	2
59.4	24.7	4
59.4	26.7	1
59.4	27.5	4
59.4	27.9	2
59.4	28.0	2
59.4	28.2	1
59.5	-117.2	2
59.5	-114.4	1
59.5	-111.0	1
59.5	15.8	1
59.5	24.6	1
59.5	24.7	1
59.5	24.8	4
59.5	25.3	4
59.5	25.4	3
59.5	26.6	2
59.5	27.8	1
59.6	10.4	60
59.6	16.1	1
59.6	16.6	2
59.6	17.8	1
59.6	18.0	1
59.6	25.0	6
59.6	25.6	2
59.6	26.0	2
59.6	26.5	1
59.6	30.2	17
59.7	-168.0	1
59.7	-149.6	1
59.7	5.2	14
59.7	10.6	8
59.7	10.8	1212
59.8	-110.8	1
59.8	10.5	7
59.8	17.7	7
59.8	18.3	1
59.8	18.5	1
59.8	18.6	21
59.9	10.7	23
59.9	10.8	437
59.9	17.6	5005
59.9	17.9	1
59.9	18.5	1
59.9	19.4	1
59.9	23.3	51
59.9	41.3	4
60.0	-43.8	5
60.0	11.0	25
60.0	17.6	1
60.0	22.4	2
60.0	25.0	2
60.1	-149.4	1
60.1	22.3	2
60.1	22.4	2
60.1	24.8	1
60.2	5.1	5
60.2	5.4	3
60.2	18.0	2
60.2	22.4	2
60.2	22.6	1
60.2	24.7	1
60.2	24.9	3355
60.2	25.0	21
60.2	26.2	1
60.3	22.2	19
60.3	22.4	4
60.3	22.5	2
60.4	5.0	1
60.4	5.3	40
60.4	7.1	2
60.4	14.1	1
60.4	16.3	1
60.4	22.2	2
60.4	22.6	2
60.4	23.0	6
60.4	24.8	1
60.5	4.9	429
60.5	8.5	146
60.5	22.3	181
60.5	25.0	1
60.5	38.6	1
60.6	-45.1	5
60.6	7.5	4
60.6	22.2	1
60.6	22.6	6
60.7	5.5	12
60.7	17.2	2
60.7	21.7	6
60.7	24.5	1
60.7	27.3	1
60.8	-94.0	2
60.8	22.0	1
60.9	1.8	2
60.9	16.6	1
60.9	25.7	1
60.9	30.2	2
60.9	68.8	1
61.0	-172.2	1
61.0	-47.1	3
61.0	-46.9	3
61.0	-46.5	2
61.0	10.8	24
61.0	19.0	1
61.0	25.0	3
61.0	25.1	6
61.0	25.5	2
61.0	25.6	22
61.0	25.7	14
61.0	25.8	2
61.1	-167.9	1
61.1	10.7	2
61.1	21.3	5
61.1	25.0	7
61.2	-168.0	3
61.2	15.7	1
61.2	21.4	8
61.2	21.5	11
61.2	25.1	110
61.2	25.2	9
61.3	5.1	6
61.3	22.0	1
61.4	14.2	1
61.4	16.4	3
61.5	-56.0	4
61.5	23.8	917
61.5	29.6	1
61.6	-56.0	1
61.6	8.0	2
61.6	8.1	2
61.6	8.2	4
61.6	31.5	52
61.7	7.2	8
61.7	7.3	4
61.7	8.3	4
61.8	19.3	4
61.8	23.6	1
61.9	16.5	1
61.9	25.8	10
62.1	-167.3	1
62.1	22.5	1
62.1	25.6	1
62.3	24.1	1
62.4	5.7	2
62.4	19.4	1
62.5	22.6	1
62.6	29.9	60
62.7	27.0	1
62.7	29.1	3
62.8	7.0	2
62.8	27.6	1254
62.9	-123.2	1
62.9	27.7	3
62.9	28.6	1
63.0	-168.2	1
63.0	-49.8	3
63.0	-21.5	10
63.0	7.7	2
63.0	21.7	9
63.0	24.0	1
63.1	-123.2	1
63.1	-49.8	3
63.1	7.5	2
63.1	21.9	1
63.2	-123.3	2
63.2	-123.2	1
63.2	14.7	2
63.2	22.2	1
63.2	29.3	1
63.3	-145.4	2
63.3	-90.7	2
63.3	9.1	3
63.3	14.5	21
63.4	-50.8	3
63.4	8.3	2
63.4	14.5	2
63.4	14.8	1
63.4	24.3	1
63.5	-21.0	2
63.5	-20.9	2
63.5	10.4	1
63.6	-172.6	3
63.6	8.5	2
63.6	16.3	2
63.7	15.4	1
63.8	-18.0	1
63.8	11.3	2
63.8	17.5	1
63.8	20.3	74
63.9	-149.3	1
63.9	-149.2	49
63.9	-83.3	1
63.9	-22.1	3
63.9	22.0	1
63.9	23.3	1
64.0	-167.9	1
64.0	-135.0	2
64.0	-83.3	2
64.0	-21.2	10
64.0	-18.3	3
64.0	24.5	1
64.1	-83.1	1
64.1	-51.5	4
64.1	-51.2	6
64.1	-51.0	3
64.1	-21.9	10
64.1	-21.2	2
64.1	-20.6	8
64.1	-20.5	6
64.1	-19.3	1
64.1	15.6	1
64.1	16.4	1
64.1	18.8	7
64.1	29.0	1
64.2	-51.7	2
64.2	-51.2	2
64.2	-51.1	2
64.2	-21.9	7
64.2	-21.4	1
64.2	18.8	4
64.2	19.6	14
64.2	29.0	1
64.3	-15.5	8
64.4	-21.1	4
64.4	-20.8	1
64.4	27.9	1
64.5	-51.1	2
64.5	-22.2	2
64.5	40.5	350
64.6	-22.0	4
64.6	-19.3	1
64.6	29.9	1
64.7	-168.2	2
64.7	-167.4	1
64.7	-53.0	4
64.7	-21.4	30
64.7	25.5	1
64.7	26.1	1
64.8	-147.8	2
64.8	-22.9	2
64.8	20.2	36
64.9	-147.9	4
64.9	-147.8	36
65.0	-169.9	8
65.0	-169.1	2
65.0	-147.6	49
65.0	21.3	1
65.0	25.5	1
65.0	26.2	12
65.0	26.4	1
65.0	41.1	1
65.1	-147.5	14
65.1	-19.0	4
65.1	25.4	1
65.2	-164.8	2
65.2	-147.5	27
65.3	-168.1	1
65.3	-146.9	12
65.3	23.8	1
65.3	73.0	1
65.4	-168.6	1
65.4	-38.5	22
65.4	23.3	3
65.5	72.5	5
65.5	72.6	3
65.6	-52.8	3
65.6	-37.7	15
65.6	-37.2	4
65.6	22.2	3
65.6	71.9	2
65.6	72.6	2
65.7	-37.9	97
65.7	-37.8	5
65.7	71.8	2
65.8	-168.4	4
65.8	-52.7	3
65.9	-36.7	5
65.9	22.4	1
66.0	-54.1	8
66.0	-37.9	4
66.0	-37.1	10
66.1	-56.3	6
66.1	12.6	5
66.1	22.3	1
66.1	23.6	1
66.2	-150.2	15
66.2	-61.5	1
66.2	-61.4	1
66.2	23.2	1
66.3	21.1	1
66.5	-168.5	1
66.5	-168.4	1
66.5	-18.8	6
66.5	25.6	1
66.6	33.1	2
66.8	-167.2	1
66.8	-61.1	2
66.8	32.8	1
66.9	-61.4	1
66.9	-53.7	6
67.0	-165.2	1
67.0	-57.0	8
67.0	-50.9	2
67.0	-50.7	5
67.0	-50.6	3
67.0	23.1	1
67.1	-50.4	3
67.1	-50.3	5
67.1	-50.0	6
67.1	0.2	3
67.2	-150.3	11
67.2	-50.1	2
67.2	0.2	1
67.2	0.4	3
67.2	0.5	1
67.2	14.3	2
67.3	13.9	2
67.4	-134.9	1
67.4	-134.8	1
67.4	26.5	1
67.5	-134.8	1
67.5	-134.7	2
67.5	18.4	1
67.5	22.4	1
67.6	-149.8	15
67.6	33.6	1
67.7	-169.0	6
67.7	-168.9	6
67.7	-168.7	6
67.7	21.2	4
67.8	-168.6	14
67.8	20.4	309
67.9	-168.2	6
67.9	-167.7	2
67.9	20.4	8
68.0	-167.9	9
68.0	-18.8	11
68.0	15.7	2
68.0	24.0	2
68.0	24.2	9
68.1	-167.5	11
68.2	-167.3	12
68.2	-167.1	5
68.3	-166.9	4
68.4	17.8	2
68.4	19.0	613
68.5	-155.8	6
68.5	-149.5	17
68.5	17.6	2
68.5	24.7	3
68.6	-149.6	25
68.6	-149.5	1
68.6	-149.3	2
68.6	158.7	1
68.6	161.4	30
68.7	-167.1	1
68.7	-149.4	4
68.7	-149.1	22
68.7	-53.0	5
68.9	17.1	6
68.9	27.0	1
69.0	-105.3	13
69.0	20.8	86
69.1	-148.8	14
69.1	-105.1	3
69.1	-51.5	3
69.1	27.8	1
69.2	-51.1	10
69.2	7.7	1
69.3	-56.2	7
69.3	-53.6	14
69.3	-53.5	18
69.3	-53.4	4
69.3	-52.9	7
69.3	-49.3	2
69.4	-53.9	2
69.5	-168.5	2
69.5	-139.0	1
69.5	19.8	4
69.5	20.0	4
69.5	29.8	1
69.5	30.0	1
69.6	-139.0	5
69.6	-138.9	2
69.6	-53.6	2
69.7	-148.7	16
69.7	-23.7	4
69.7	19.0	281
69.8	18.8	4
69.9	-164.9	1
70.0	-148.7	15
70.0	26.3	10
70.1	-156.1	9
70.1	-138.2	1
70.2	-148.5	17
70.2	-121.2	2
70.2	4.0	8
70.4	-139.0	1
70.4	-135.6	1
70.4	-135.3	1
70.4	-90.7	3
70.4	-22.0	2
70.5	-168.3	1
70.5	-163.8	1
70.5	-157.4	9
70.5	-136.1	1
70.5	-135.3	1
70.5	-122.9	7
70.7	-163.1	1
70.7	-21.6	3
70.9	-162.8	1
70.9	-53.5	1
71.0	-161.9	8
71.0	-156.5	8
71.0	-53.6	4
71.1	-162.2	4
71.1	-22.0	2
71.1	174.8	1
71.1	174.9	1
71.1	175.0	3
71.2	-162.6	4
71.2	-162.0	1
71.2	-157.1	4
71.2	-156.6	9
71.2	-156.4	3
71.2	8.9	4
71.3	-157.3	10
71.3	-156.6	2
71.3	-156.5	26
71.3	-52.6	2
71.4	-163.0	6
71.4	-160.4	1
71.4	-157.5	6
71.4	-157.1	1
71.5	-163.4	4
71.5	-161.6	1
71.5	-157.7	6
71.5	-157.6	13
71.5	160.9	2
71.6	-163.8	6
71.6	-161.6	3
71.6	-161.5	10
71.6	-161.4	2
71.6	-157.9	4
71.6	-157.8	6
71.6	-126.1	1
71.6	160.9	3
71.7	-161.5	1
71.7	-161.0	1
71.7	21.6	1
71.9	-154.9	5
72.0	-161.2	1
72.0	0.1	4
72.0	14.7	14
72.0	21.5	5
72.0	21.6	42
72.0	21.7	2
72.1	-157.0	1
72.2	-161.1	1
72.2	-72.5	2
72.2	-2.0	1
72.4	-159.0	1
72.4	-71.9	1
72.5	-164.5	1
72.5	-158.9	1
72.5	-71.9	4
72.5	44.1	8
72.6	-160.8	1
72.6	-158.7	2
72.6	-158.6	1
72.6	44.2	1
72.7	-161.7	1
72.7	-160.5	1
72.7	-158.8	1
72.7	-158.6	1
72.8	-159.6	6
72.8	-158.3	2
72.8	-55.1	3
72.8	-53.9	3
72.9	-160.6	1
73.0	-161.7	1
73.0	-160.5	1
73.0	-158.8	2
73.0	-140.0	2
73.0	9.9	3
73.2	-150.2	3
73.3	-168.8	3
73.3	-162.3	2
73.4	-168.7	1
73.4	-168.3	1
73.4	-168.2	1
73.4	-168.1	3
73.4	-163.0	1
73.5	-157.3	1
73.7	-162.4	2
73.7	167.7	1
73.8	-162.1	1
73.8	-162.0	1
73.8	-158.8	1
73.8	8.5	9
73.8	169.2	1
74.0	-139.6	4
74.1	-159.1	1
74.3	-159.5	3
74.3	-159.4	8
74.3	-85.9	2
74.3	-85.8	3
74.3	-85.7	3
74.3	-85.6	3
74.3	2.3	8
74.5	167.9	1
74.7	-158.5	8
74.7	-146.7	2
74.7	-95.0	9
74.7	-94.9	15
74.8	76.1	4
74.8	76.2	4
74.8	76.3	2
74.8	170.5	1
75.0	-167.9	1
75.0	-159.9	2
75.0	-151.2	4
75.0	-150.0	4
75.1	-159.9	4
75.2	-150.1	2
75.3	-156.0	1
75.4	-169.0	1
75.4	171.5	1
75.6	-158.8	5
75.7	-169.7	2
75.8	143.0	2
75.9	-161.4	1
76.1	1.4	1
76.1	172.7	1
76.2	-171.0	1
76.2	-68.2	2
76.2	1.4	3
76.2	1.6	1
76.5	-69.3	5
76.5	125.5	1
76.5	127.5	1
76.6	-164.0	1
76.7	174.3	1
76.9	-160.1	1
76.9	7.1	1
77.0	-158.0	4
77.1	-175.8	4
77.1	-161.8	1
77.1	-150.2	3
77.2	73.2	3
77.5	-69.2	15
77.5	-69.1	4
77.8	-70.3	5
77.9	116.8	2
77.9	117.2	3
78.0	-157.0	1
78.0	-153.7	1
78.0	-151.5	2
78.0	-150.0	5
78.0	11.5	1
78.0	14.2	1
78.0	15.9	9
78.0	16.0	5
78.0	116.4	1
78.0	116.7	3
78.1	-150.2	3
78.1	14.4	6
78.1	16.1	2
78.2	-177.7	1
78.2	-147.8	1
78.2	15.5	4
78.2	15.7	2
78.2	16.0	1
78.3	91.6	2
78.3	91.7	2
78.3	91.9	3
78.4	91.6	3
78.6	11.5	1
78.6	11.6	1
78.8	-75.9	6
78.8	-2.8	1
78.9	-3.2	1
78.9	7.8	3
78.9	8.1	4
78.9	11.8	55
78.9	11.9	22
78.9	12.0	14
78.9	12.1	13
78.9	12.2	4
78.9	12.3	6
78.9	12.4	6
78.9	79.1	4
78.9	79.2	1
78.9	79.4	1
79.0	-9.5	1
79.0	-5.3	1
79.0	7.0	1
79.0	8.0	1
79.0	9.5	3
79.0	11.7	10
79.0	11.8	8
79.0	12.0	7
79.0	12.1	1
79.0	12.2	1
79.0	12.3	2
79.0	12.4	2
79.0	12.5	7
79.0	79.4	3
79.1	-150.0	1
79.1	3.6	1
79.1	4.2	1
79.1	6.1	1
79.1	11.1	3
79.1	11.4	1
79.2	-150.1	3
79.2	2.9	1
79.2	11.6	1
79.2	66.3	3
79.2	66.4	1
79.2	66.5	3
79.2	66.6	1
79.3	66.3	1
79.4	-150.0	1
79.4	-90.7	2
79.5	-178.5	1
79.6	-16.5	1
79.7	-178.7	2
79.8	-0.0	1
79.8	1.8	8
79.9	-150.0	2
79.9	0.8	1
80.0	-178.4	1
80.0	-150.0	2
80.0	161.5	6
80.0	179.6	6
80.1	22.2	3
80.2	0.1	3
80.2	0.6	2
80.3	4.0	1
80.4	0.6	1
80.5	7.9	1
80.6	-179.5	1
80.6	0.6	8
80.8	-66.4	2
80.9	-179.6	1
80.9	-150.2	1
80.9	-150.1	2
80.9	-0.1	1
81.0	-132.2	5
81.0	0.4	2
81.1	-150.2	1
81.1	-150.0	2
81.2	-0.1	1
81.3	-150.1	2
81.4	0.5	11
81.5	2.4	2
81.5	21.8	3
81.7	6.2	7
81.7	6.7	5
81.7	7.5	4
81.9	9.8	1
81.9	9.9	2
82.0	-150.1	1
82.0	-150.0	3
82.0	168.0	8
82.0	178.7	2
82.1	-32.6	3
82.1	178.5	2
82.6	-80.6	9
82.7	-150.2	1
82.7	178.3	1
82.8	-150.0	3
82.9	-6.4	1
82.9	-6.3	4
82.9	-6.2	1
83.0	-75.4	17
83.1	-74.1	5
83.2	177.1	1
83.3	-149.8	3
83.3	177.5	1
83.4	9.1	1
83.6	-149.9	1
83.7	-149.5	1
83.7	-33.4	2
83.8	-174.8	2
83.9	-149.9	2
83.9	16.6	1
83.9	18.1	4
84.0	177.5	1
84.0	177.6	3
84.0	177.8	1
84.1	15.9	2
84.1	178.5	2
84.6	13.0	1
84.6	111.1	6
84.6	175.5	1
84.7	12.9	1
84.8	13.4	1
85.0	-149.5	1
85.0	-149.1	1
85.0	43.1	8
85.2	-150.0	1
85.2	-149.3	1
85.6	13.3	2
85.6	85.1	2
85.7	-150.6	2
85.9	-147.6	1
85.9	-147.4	2
86.2	-145.9	1
86.3	-144.9	1
86.5	-144.4	1
86.9	55.7	5
87.0	55.7	1
87.1	-179.4	1
87.2	-179.7	1
87.3	-142.5	1
87.3	107.4	1
87.4	93.1	2
87.4	93.2	5
87.4	95.7	1
87.5	-180.0	1
87.5	94.9	2
87.6	-178.9	4
87.6	93.7	1
87.6	94.1	4
87.6	102.1	3
87.7	-142.1	3
88.0	178.1	3
88.0	178.5	2
88.3	-130.9	1
88.4	-176.8	2
88.7	173.2	1
88.9	-131.0	2
89.1	-142.0	1
89.7	-143.4	1
89.8	143.3	2
90.0	-147.0	4
90.0	-89.3	1
